$MeshFormat
4.1 0 8
$EndMeshFormat
$PhysicalNames
30
0 29 "dirY"
0 30 "dirX"
1 16 "Fault"
1 17 "ResFault"
1 18 "PostProc"
1 19 "bottom"
1 20 "top"
1 21 "left"
1 22 "right"
1 23 "interface_1"
1 24 "interface_2"
1 25 "interface_3"
1 26 "interface_4"
1 27 "interface_5"
1 28 "interface_6"
2 1 "domain"
2 2 "layer_11"
2 3 "layer_12"
2 4 "layer_21"
2 5 "layer_22"
2 6 "layer_31"
2 7 "layer_32"
2 8 "layer_41"
2 9 "layer_42"
2 10 "layer_51"
2 11 "layer_52"
2 12 "layer_61"
2 13 "layer_62"
2 14 "layer_71"
2 15 "layer_72"
$EndPhysicalNames
$Entities
30 44 14 0
1 0 0 0 1 29 
2 1000 0 0 1 30 
3 0 305 0 0 
4 511.02 305 0 0 
5 1000 355 0 0 
6 529.22 355 0 0 
7 0 505 0 0 
8 583.8200000000001 505 0 0 
9 1000 555 0 0 
10 602.02 555 0 0 
11 0 570 0 0 
12 607.48 570 0 0 
13 1000 620 0 0 
14 625.6799999999999 620 0 0 
15 0 605 0 0 
16 620.22 605 0 0 
17 1000 655 0 0 
18 638.42 655 0 0 
19 0 615 0 0 
20 623.86 615 0 0 
21 1000 665 0 0 
22 642.0599999999999 665 0 0 
23 0 620 0 0 
24 625.6799999999999 620 0 0 
25 1000 670 0 0 
26 643.88 670 0 0 
27 0 900 0 0 
28 1000 900 0 0 
1001 400 0 0 0 
1002 727.6 900 0 0 
1 -9.999999406318238e-08 -1e-07 -1e-07 400.0000001 1e-07 1e-07 1 19 2 1 -1001 
2 399.9999999 -1e-07 -1e-07 1000.0000001 1e-07 1e-07 1 19 2 1001 -2 
3 -9.999999406318238e-08 304.9999999 -1e-07 511.0200001 305.0000001 1e-07 1 23 2 3 -4 
4 529.2199999000001 354.9999999 -1e-07 1000.0000001 355.0000001 1e-07 1 23 2 5 -6 
5 -1.000000224848918e-07 504.9999999 -1e-07 583.8200001 505.0000001 1e-07 1 24 2 7 -8 
6 602.0199999 554.9999999 -1e-07 1000.0000001 555.0000001 1e-07 1 24 2 9 -10 
7 -1.000000224848918e-07 569.9999999 -1e-07 607.4800001 570.0000001 1e-07 1 25 2 11 -12 
8 625.6799999 619.9999999 -1e-07 1000.0000001 620.0000001 1e-07 1 25 2 13 -14 
9 -1.000000224848918e-07 604.9999999 -1e-07 620.2200001 605.0000001 1e-07 1 26 2 15 -16 
10 638.4199999 654.9999999 -1e-07 1000.0000001 655.0000001 1e-07 1 26 2 17 -18 
11 -1.000000224848918e-07 614.9999999 -1e-07 623.8600001 615.0000001 1e-07 1 27 2 19 -20 
12 642.0599999 664.9999999 -1e-07 1000.0000001 665.0000001 1e-07 1 27 2 21 -22 
13 -1.000000224848918e-07 619.9999999 -1e-07 625.6800000999999 620.0000001 1e-07 1 28 2 23 -24 
14 643.8799999 669.9999999 -1e-07 1000.0000001 670.0000001 1e-07 1 28 2 25 -26 
15 -1.000000224848918e-07 899.9999999 -1e-07 727.6000001 900.0000001 1e-07 1 20 2 27 -1002 
16 727.5999999000001 899.9999999 -1e-07 1000.0000001 900.0000001 1e-07 1 20 2 1002 -28 
17 -1e-07 -9.999999406318238e-08 -1e-07 1e-07 305.0000001 1e-07 1 21 2 1 -3 
18 -1e-07 304.9999999 -1e-07 1e-07 505.0000001 1e-07 1 21 2 3 -7 
19 -1e-07 504.9999999 -1e-07 1e-07 570.0000001 1e-07 1 21 2 7 -11 
20 -1e-07 569.9999999 -1e-07 1e-07 605.0000001 1e-07 1 21 2 11 -15 
21 -1e-07 604.9999999 -1e-07 1e-07 615.0000001 1e-07 1 21 2 15 -19 
22 -1e-07 614.9999999 -1e-07 1e-07 620.0000001 1e-07 1 21 2 19 -23 
23 -1e-07 619.9999999 -1e-07 1e-07 900.0000001 1e-07 1 21 2 23 -27 
24 999.9999999 -9.999999406318238e-08 -1e-07 1000.0000001 355.0000001 1e-07 1 22 2 2 -5 
25 999.9999999 354.9999999 -1e-07 1000.0000001 555.0000001 1e-07 2 18 22 2 5 -9 
26 999.9999999 554.9999999 -1e-07 1000.0000001 620.0000001 1e-07 2 18 22 2 9 -13 
27 999.9999999 619.9999999 -1e-07 1000.0000001 655.0000001 1e-07 2 18 22 2 13 -17 
28 999.9999999 654.9999999 -1e-07 1000.0000001 665.0000001 1e-07 2 18 22 2 17 -21 
29 999.9999999 664.9999999 -1e-07 1000.0000001 670.0000001 1e-07 2 18 22 2 21 -25 
30 999.9999999 669.9999999 -1e-07 1000.0000001 900.0000001 1e-07 1 22 2 25 -28 
100 399.9999999 -9.999999406318238e-08 -1e-07 511.0200001 305.0000001 1e-07 1 16 2 1001 -4 
101 511.0199999 304.9999999 -1e-07 529.2200001 355.0000001 1e-07 2 16 17 2 4 -6 
102 529.2199999000001 354.9999999 -1e-07 583.8200001 505.0000001 1e-07 2 16 17 2 6 -8 
103 583.8199999000001 504.9999999 -1e-07 602.0200000999999 555.0000001 1e-07 2 16 17 2 8 -10 
104 602.0199999 554.9999999 -1e-07 607.4800001 570.0000001 1e-07 1 16 2 10 -12 
105 607.4799999000001 569.9999999 -1e-07 620.2200001 605.0000001 1e-07 1 16 2 12 -16 
106 620.2199999000001 604.9999999 -1e-07 623.8600001 615.0000001 1e-07 1 16 2 16 -20 
107 623.8599999 614.9999999 -1e-07 625.6800000999999 620.0000001 1e-07 1 16 2 20 -14 
108 625.6799999 619.9999999 -1e-07 638.4200000999999 655.0000001 1e-07 1 16 2 14 -18 
109 638.4199999 654.9999999 -1e-07 642.0600000999999 665.0000001 1e-07 1 16 2 18 -22 
110 642.0599999 664.9999999 -1e-07 643.8800001 670.0000001 1e-07 1 16 2 22 -26 
111 643.8799999 669.9999999 -1e-07 727.6000001 900.0000001 1e-07 1 16 2 26 -1002 
112 623.8599999 614.9999999 -1e-07 625.6800000999999 620.0000001 1e-07 0 2 20 -24 
113 625.6799999 619.9999999 -1e-07 638.4200000999999 655.0000001 1e-07 0 2 24 -18 
1 -9.999999406318238e-08 -9.999999406318238e-08 -1e-07 511.0200001 305.0000001 1e-07 2 1 2 4 -100 -1 17 3 
2 399.9999999 -9.999999406318238e-08 -1e-07 1000.0000001 355.0000001 1e-07 2 1 3 5 -24 -2 100 101 -4 
3 -1.000000224848918e-07 304.9999999 -1e-07 583.8200001 505.0000001 1e-07 2 1 4 5 -101 -3 18 5 -102 
4 529.2199999000001 354.9999999 -1e-07 1000.0000001 555.0000001 1e-07 2 1 5 5 4 102 103 -6 -25 
5 -1.000000224848918e-07 504.9999999 -1e-07 607.4800001 570.0000001 1e-07 2 1 6 5 -103 -5 19 7 -104 
6 602.0199999 554.9999999 -1e-07 1000.0000001 620.0000001 1e-07 2 1 7 7 6 104 105 106 107 -8 -26 
7 -1.000000224848918e-07 569.9999999 -1e-07 620.2200001 605.0000001 1e-07 2 1 8 4 -105 -7 20 9 
8 625.6799999 619.9999999 -1e-07 1000.0000001 655.0000001 1e-07 2 1 9 4 8 108 -10 -27 
9 -1.000000224848918e-07 604.9999999 -1e-07 623.8600001 615.0000001 1e-07 2 1 10 4 -106 -9 21 11 
10 638.4199999 654.9999999 -1e-07 1000.0000001 665.0000001 1e-07 2 1 11 4 10 109 -12 -28 
11 -1.000000224848918e-07 614.9999999 -1e-07 625.6800000999999 620.0000001 1e-07 2 1 12 4 -112 -11 22 13 
12 642.0599999 664.9999999 -1e-07 1000.0000001 670.0000001 1e-07 2 1 13 4 12 110 -14 -29 
13 -1.000000224848918e-07 619.9999999 -1e-07 727.6000001 900.0000001 1e-07 2 1 14 7 -113 -13 23 15 -111 -110 -109 
14 643.8799999 669.9999999 -1e-07 1000.0000001 900.0000001 1e-07 2 1 15 4 14 111 16 -30 
$EndEntities
$Nodes
87 2055 1 2055
0 1 0 1
1
0 0 0
0 2 0 1
2
1000 0 0
0 3 0 1
3
0 305 0
0 4 0 1
4
511.02 305 0
0 5 0 1
5
1000 355 0
0 6 0 1
6
529.22 355 0
0 7 0 1
7
0 505 0
0 8 0 1
8
583.8200000000001 505 0
0 9 0 1
9
1000 555 0
0 10 0 1
10
602.02 555 0
0 11 0 1
11
0 570 0
0 12 0 1
12
607.48 570 0
0 13 0 1
13
1000 620 0
0 14 0 1
14
625.6799999999999 620 0
0 15 0 1
15
0 605 0
0 16 0 1
16
620.22 605 0
0 17 0 1
17
1000 655 0
0 18 0 1
18
638.42 655 0
0 19 0 1
19
0 615 0
0 20 0 1
20
623.86 615 0
0 21 0 1
21
1000 665 0
0 22 0 1
22
642.0599999999999 665 0
0 23 0 1
23
0 620 0
0 24 0 1
24
625.6799999999999 620 0
0 25 0 1
25
1000 670 0
0 26 0 1
26
643.88 670 0
0 27 0 1
27
0 900 0
0 28 0 1
28
1000 900 0
0 1001 0 1
29
400 0 0
0 1002 0 1
30
727.6 900 0
1 1 0 17
31
32
33
34
35
36
37
38
39
40
41
42
43
44
45
46
47
23.74315144058169 0 0
47.48630288116338 0 0
71.22945432174507 0 0
94.97260576232675 0 0
118.7157572029085 0 0
142.4589086434901 0 0
166.2020600840718 0 0
189.9452115246535 0 0
213.6883629652352 0 0
237.4315144058169 0 0
261.1746658463986 0 0
284.9178172869803 0 0
308.660968727562 0 0
332.4041201681436 0 0
356.0849753287918 0 0
375.5678510264332 0 0
389.6741073212021 0 0
1 2 0 25
48
49
50
51
52
53
54
55
56
57
58
59
60
61
62
63
64
65
66
67
68
69
70
71
72
410.5208120973509 0 0
425.0038333275579 0 0
445.0563972290312 0 0
469.127144868084 0 0
493.2577291922619 0 0
517.3883135164399 0 0
541.5188978406179 0 0
565.6494821647959 0 0
589.7800664889739 0 0
613.910650813152 0 0
638.04123513733 0 0
662.171819461508 0 0
686.302403785686 0 0
710.432988109864 0 0
734.563572434042 0 0
758.6941567582201 0 0
782.824741082398 0 0
806.955325406576 0 0
831.0859097307539 0 0
855.2164940549319 0 0
879.3470783791099 0 0
903.4776627032879 0 0
927.6082470274659 0 0
951.738831351644 0 0
975.869415675822 0 0
1 3 0 20
73
74
75
76
77
78
79
80
81
82
83
84
85
86
87
88
89
90
91
92
24.33428571428571 305 0
48.66857142857141 305 0
73.00285714285712 305 0
97.33714285714282 305 0
121.6714285714285 305 0
146.0057142857143 305 0
170.3400000000001 305 0
194.6742857142858 305 0
219.0085714285715 305 0
243.3428571428572 305 0
267.6771428571428 305 0
292.0114285714286 305 0
316.3457142857144 305 0
340.6800000000001 305 0
365.0142857142859 305 0
389.3485714285717 305 0
413.6828571428574 305 0
438.0171428571431 305 0
462.3514285714286 305 0
486.6857142857143 305 0
1 4 0 18
93
94
95
96
97
98
99
100
101
102
103
104
105
106
107
108
109
110
975.2221052631579 355 0
950.4442105263158 355 0
925.6663157894737 355 0
900.8884210526317 355 0
876.1105263157896 355 0
851.3326315789475 355 0
826.5547368421055 355 0
801.7768421052633 355 0
776.9989473684212 355 0
752.221052631579 355 0
727.4431578947369 355 0
702.6652631578946 355 0
677.8873684210525 355 0
653.1094736842103 355 0
628.3315789473681 355 0
603.5536842105259 355 0
578.775789473684 355 0
553.997894736842 355 0
1 5 0 23
111
112
113
114
115
116
117
118
119
120
121
122
123
124
125
126
127
128
129
130
131
132
133
24.32583333333332 505 0
48.65166666666664 505 0
72.97749999999995 505 0
97.30333333333326 505 0
121.6291666666666 505 0
145.9549999999999 505 0
170.2808333333332 505 0
194.6066666666665 505 0
218.9324999999999 505 0
243.2583333333333 505 0
267.5841666666666 505 0
291.9100000000001 505 0
316.2358333333335 505 0
340.5616666666669 505 0
364.8875000000003 505 0
389.2133333333338 505 0
413.539166666667 505 0
437.8650000000002 505 0
462.1908333333334 505 0
486.5166666666666 505 0
510.8424999999997 505 0
535.1683333333332 505 0
559.4941666666666 505 0
1 6 0 15
134
135
136
137
138
139
140
141
142
143
144
145
146
147
148
975.12625 555 0
950.2525000000001 555 0
925.3787500000001 555 0
900.5050000000001 555 0
875.6312500000001 555 0
850.7575000000001 555 0
825.8837500000001 555 0
801.01 555 0
776.1362500000001 555 0
751.2625000000003 555 0
726.3887500000003 555 0
701.5150000000001 555 0
676.6412500000001 555 0
651.7675000000002 555 0
626.8937500000001 555 0
1 7 0 24
149
150
151
152
153
154
155
156
157
158
159
160
161
162
163
164
165
166
167
168
169
170
171
172
24.2992 570 0
48.59839999999999 570 0
72.89759999999998 570 0
97.19679999999998 570 0
121.496 570 0
145.7952 570 0
170.0944000000001 570 0
194.3936000000001 570 0
218.6928000000002 570 0
242.9920000000002 570 0
267.2912000000002 570 0
291.5904000000001 570 0
315.8896000000001 570 0
340.1888 570 0
364.4879999999999 570 0
388.7871999999999 570 0
413.0864 570 0
437.3856 570 0
461.6848000000001 570 0
485.9840000000002 570 0
510.2832000000002 570 0
534.5824000000001 570 0
558.8816000000002 570 0
583.1808000000001 570 0
1 8 0 14
173
174
175
176
177
178
179
180
181
182
183
184
185
186
975.0453333333334 620 0
950.0906666666666 620 0
925.136 620 0
900.1813333333332 620 0
875.2266666666666 620 0
850.2719999999999 620 0
825.3173333333332 620 0
800.3626666666665 620 0
775.4079999999999 620 0
750.4533333333334 620 0
725.4986666666666 620 0
700.544 620 0
675.5893333333333 620 0
650.6346666666666 620 0
1 9 0 24
187
188
189
190
191
192
193
194
195
196
197
198
199
200
201
202
203
204
205
206
207
208
209
210
24.80880000000005 605 0
49.6176000000001 605 0
74.42640000000014 605 0
99.23520000000021 605 0
124.0440000000002 605 0
148.8528000000003 605 0
173.6616000000004 605 0
198.4704000000004 605 0
223.2792000000005 605 0
248.0880000000006 605 0
272.8968000000007 605 0
297.7056000000007 605 0
322.5144000000008 605 0
347.3232000000009 605 0
372.132000000001 605 0
396.940800000001 605 0
421.749600000001 605 0
446.5584000000008 605 0
471.3672000000008 605 0
496.1760000000006 605 0
520.9848000000005 605 0
545.7936000000004 605 0
570.6024000000003 605 0
595.4112000000001 605 0
1 10 0 14
211
212
213
214
215
216
217
218
219
220
221
222
223
224
975.8946666666667 655 0
951.7893333333333 655 0
927.684 655 0
903.5786666666665 655 0
879.4733333333331 655 0
855.3679999999998 655 0
831.2626666666664 655 0
807.1573333333331 655 0
783.0519999999998 655 0
758.9466666666665 655 0
734.8413333333332 655 0
710.7359999999999 655 0
686.6306666666666 655 0
662.5253333333333 655 0
1 11 0 24
225
226
227
228
229
230
231
232
233
234
235
236
237
238
239
240
241
242
243
244
245
246
247
248
24.95440000000004 615 0
49.90880000000008 615 0
74.86320000000011 615 0
99.81760000000016 615 0
124.7720000000002 615 0
149.7264000000001 615 0
174.6808000000001 615 0
199.6352000000001 615 0
224.5896000000001 615 0
249.5440000000002 615 0
274.4984000000001 615 0
299.4528000000001 615 0
324.4072000000002 615 0
349.3616000000001 615 0
374.3160000000001 615 0
399.2704000000001 615 0
424.2248000000001 615 0
449.1792000000001 615 0
474.1336000000002 615 0
499.0880000000001 615 0
524.0424 615 0
548.9968 615 0
573.9512 615 0
598.9055999999999 615 0
1 12 0 14
249
250
251
252
253
254
255
256
257
258
259
260
261
262
976.1373333333333 665 0
952.2746666666667 665 0
928.412 665 0
904.5493333333334 665 0
880.6866666666667 665 0
856.8240000000001 665 0
832.9613333333334 665 0
809.0986666666668 665 0
785.236 665 0
761.3733333333332 665 0
737.5106666666666 665 0
713.6479999999999 665 0
689.7853333333333 665 0
665.9226666666666 665 0
1 13 0 25
263
264
265
266
267
268
269
270
271
272
273
274
275
276
277
278
279
280
281
282
283
284
285
286
287
24.06461538461537 620 0
48.12923076923074 620 0
72.19384615384611 620 0
96.25846153846149 620 0
120.3230769230769 620 0
144.3876923076922 620 0
168.4523076923076 620 0
192.516923076923 620 0
216.5815384615384 620 0
240.6461538461538 620 0
264.7107692307692 620 0
288.7753846153846 620 0
312.8399999999999 620 0
336.9046153846153 620 0
360.9692307692307 620 0
385.0338461538461 620 0
409.0984615384614 620 0
433.1630769230767 620 0
457.2276923076922 620 0
481.2923076923076 620 0
505.356923076923 620 0
529.4215384615384 620 0
553.4861538461537 620 0
577.5507692307691 620 0
601.6153846153845 620 0
1 14 0 14
288
289
290
291
292
293
294
295
296
297
298
299
300
301
976.2586666666666 670 0
952.5173333333333 670 0
928.7760000000001 670 0
905.0346666666667 670 0
881.2933333333334 670 0
857.552 670 0
833.8106666666666 670 0
810.0693333333332 670 0
786.328 670 0
762.5866666666666 670 0
738.8453333333333 670 0
715.104 670 0
691.3626666666667 670 0
667.6213333333333 670 0
1 15 0 30
302
303
304
305
306
307
308
309
310
311
312
313
314
315
316
317
318
319
320
321
322
323
324
325
326
327
328
329
330
331
24.35749052465148 900 0
48.71498104930296 900 0
73.07247157395443 900 0
97.4299620986059 900 0
121.7874526232574 900 0
146.1449431479089 900 0
170.5024336725604 900 0
194.8599241972119 900 0
219.2174147218633 900 0
243.5749052465148 900 0
267.9323957711662 900 0
292.2898862958176 900 0
316.647376820469 900 0
341.0048673451204 900 0
365.3623578697718 900 0
389.7198483944233 900 0
414.0773389190747 900 0
438.4348294437262 900 0
462.7923199683778 900 0
487.1498104930293 900 0
511.5073010176809 900 0
535.8647915423323 900 0
560.2222820669838 900 0
584.5797725916352 900 0
608.9372631162865 900 0
633.294753640938 900 0
657.6522441655894 900 0
681.9625089920276 900 0
702.2770106297586 900 0
716.9643189165464 900 0
1 16 0 11
332
333
334
335
336
337
338
339
340
341
342
738.5556992945966 900 0
753.7818571331377 900 0
775.180196720871 900 0
800.1601748629964 900 0
825.1401530051219 900 0
850.1201311472473 900 0
875.1001092893727 900 0
900.080087431498 900 0
925.0600655736234 900 0
950.040043715749 900 0
975.0200218578744 900 0
1 17 0 12
343
344
345
346
347
348
349
350
351
352
353
354
0 23.46153846153851 0
0 46.92307692307705 0
0 70.38461538461557 0
0 93.84615384615411 0
0 117.3076923076926 0
0 140.769230769231 0
0 164.2307692307694 0
0 187.6923076923078 0
0 211.1538461538463 0
0 234.6153846153847 0
0 258.0769230769232 0
0 281.5384615384616 0
1 18 0 7
355
356
357
358
359
360
361
0 330 0
0 355 0
0 380 0
0 405 0
0 430 0
0 455 0
0 480 0
1 19 0 2
362
363
0 526.6666666666667 0
0 548.3333333333335 0
1 20 0 1
364
0 587.5 0
1 21 0 0
1 22 0 0
1 23 0 11
365
366
367
368
369
370
371
372
373
374
375
0 643.3333333333334 0
0 666.6666666666667 0
0 690.0000000000002 0
0 713.3333333333336 0
0 736.666666666667 0
0 760.0000000000002 0
0 783.3333333333335 0
0 806.6666666666667 0
0 830.0000000000001 0
0 853.3333333333335 0
0 876.6666666666667 0
1 24 0 14
376
377
378
379
380
381
382
383
384
385
386
387
388
389
1000 23.66666666666671 0
1000 47.33333333333345 0
1000 71.00000000000018 0
1000 94.66666666666691 0
1000 118.3333333333336 0
1000 142.0000000000002 0
1000 165.6666666666669 0
1000 189.3333333333335 0
1000 213.0000000000001 0
1000 236.6666666666668 0
1000 260.3333333333334 0
1000 284.0000000000001 0
1000 307.6666666666667 0
1000 331.3333333333334 0
1 25 0 7
390
391
392
393
394
395
396
1000 380 0
1000 405 0
1000 430 0
1000 455 0
1000 480 0
1000 505 0
1000 530 0
1 26 0 2
397
398
1000 576.6666666666667 0
1000 598.3333333333335 0
1 27 0 1
399
1000 637.5 0
1 28 0 0
1 29 0 0
1 30 0 9
400
401
402
403
404
405
406
407
408
1000 693 0
1000 716.0000000000001 0
1000 739.0000000000002 0
1000 762.0000000000003 0
1000 785.0000000000002 0
1000 808.0000000000002 0
1000 831.0000000000002 0
1000 854.0000000000001 0
1000 877 0
1 100 0 14
409
410
411
412
413
414
415
416
417
418
419
420
421
422
403.484252568891 9.572122442008059 0
408.225497876945 22.59752163995876 0
414.7476991884904 40.51565711123742 0
422.7382157666438 62.46762573253795 0
430.7638325151308 84.5160233932164 0
438.7894492636177 106.5644210538949 0
446.8150660121047 128.6128187145733 0
454.8406827605916 150.6612163752517 0
462.8662995090785 172.70961403593 0
470.8919162575654 194.7580116966083 0
478.9175330060523 216.8064093572865 0
486.9431497545392 238.8548070179648 0
494.9687665030261 260.9032046786432 0
502.9943832515131 282.9516023393216 0
1 101 0 2
423
424
517.0866666666667 321.6666666666667 0
523.1533333333333 338.3333333333333 0
1 102 0 6
425
426
427
428
429
430
537.02 376.4285714285714 0
544.8200000000001 397.8571428571428 0
552.62 419.2857142857143 0
560.4200000000001 440.7142857142858 0
568.2200000000001 462.1428571428573 0
576.0200000000001 483.5714285714287 0
1 103 0 2
431
432
589.8866666666667 521.6666666666666 0
595.9533333333334 538.3333333333333 0
1 104 0 0
1 105 0 1
433
613.85 587.5 0
1 106 0 0
1 107 0 0
1 108 0 1
434
632.05 637.5 0
1 109 0 0
1 110 0 0
1 111 0 10
435
436
437
438
439
440
441
442
443
444
652.3417297561128 693.2465103189913 0
660.8034595122257 716.4930206379827 0
669.2651892683385 739.739530956974 0
677.7269190244514 762.9860412759654 0
686.1886487805642 786.2325515949566 0
694.6503785366771 809.4790619139478 0
703.1121082927898 832.7255722329392 0
711.5720217833373 855.9670928113662 0
718.7627542862188 875.7218524346667 0
723.8956031177142 889.823085488226 0
1 113 0 1
445
632.05 637.5 0
2 1 0 268
446
447
448
449
450
451
452
453
454
455
456
457
458
459
460
461
462
463
464
465
466
467
468
469
470
471
472
473
474
475
476
477
478
479
480
481
482
483
484
485
486
487
488
489
490
491
492
493
494
495
496
497
498
499
500
501
502
503
504
505
506
507
508
509
510
511
512
513
514
515
516
517
518
519
520
521
522
523
524
525
526
527
528
529
530
531
532
533
534
535
536
537
538
539
540
541
542
543
544
545
546
547
548
549
550
551
552
553
554
555
556
557
558
559
560
561
562
563
564
565
566
567
568
569
570
571
572
573
574
575
576
577
578
579
580
581
582
583
584
585
586
587
588
589
590
591
592
593
594
595
596
597
598
599
600
601
602
603
604
605
606
607
608
609
610
611
612
613
614
615
616
617
618
619
620
621
622
623
624
625
626
627
628
629
630
631
632
633
634
635
636
637
638
639
640
641
642
643
644
645
646
647
648
649
650
651
652
653
654
655
656
657
658
659
660
661
662
663
664
665
666
667
668
669
670
671
672
673
674
675
676
677
678
679
680
681
682
683
684
685
686
687
688
689
690
691
692
693
694
695
696
697
698
699
700
701
702
703
704
705
706
707
708
709
710
711
712
713
22.69433484577019 154.7692666454218 0
177.1821507710387 19.97115574202323 0
269.1616035976741 18.97388189558419 0
231.3302719425243 280.9303150299426 0
423.6068221700124 124.5117198745709 0
158.3320512479536 282.9431463579456 0
304.3338008969026 286.4675536088045 0
106.9674604427123 19.80812382096047 0
374.7286914886581 284.4001000027687 0
402.4519136918889 56.53497529015502 0
84.72147059432595 284.1883517688291 0
448.1876767075181 190.5037784407185 0
20.90694725985364 81.89295598327396 0
21.65985962912507 221.4366561456454 0
321.9788962370095 19.6837226482688 0
225.9246962477736 20.94534149768231 0
423.5900577938695 284.4025561580484 0
394.361038244551 18.54075532243868 0
58.40871412525607 23.41263126406025 0
366.1729977126113 14.77439371501453 0
463.3156309554431 234.6898691901827 0
37.49309649161574 284.552592018666 0
19.80687480487904 34.01050536364002 0
474.5230431281784 280.618812069902 0
382.6209791738176 10.57943084007738 0
379.1958970167262 28.65498168385437 0
358.7373378017944 33.7121040428863 0
372.1426165824228 50.75256253768637 0
351.3593016487432 55.32274114887485 0
367.0341144184051 72.14122972808482 0
345.1066736827865 77.38927297462033 0
361.4824895108421 94.12417127909399 0
338.8946370317375 100.0138232942454 0
354.6268460513819 116.4702795795154 0
332.5620612780816 122.6479439317809 0
348.3412122563382 139.1538116782204 0
326.2950921768386 145.3943037822535 0
309.8214714280508 128.6370931185878 0
303.5373153679188 151.4467141558373 0
286.8966958104875 134.6215114398106 0
280.5937026496865 157.5244179506064 0
263.837417768677 140.5937243522413 0
257.5569157645925 163.6194416479902 0
240.7783508439828 146.6669395591834 0
234.4651565624104 169.7108200799422 0
217.6490327868652 152.723652202697 0
342.9462489666524 162.1822935864102 0
211.3360251789374 175.7965078080195 0
194.5207124873862 158.7813943979171 0
200.8404182377475 135.741998099949 0
177.7113713621565 141.7823457489447 0
171.3902890374566 164.8036604919475 0
154.6093799364469 147.8376584230569 0
148.2887762608819 170.7903411364169 0
131.5560161231291 153.8518750597394 0
125.2184767036539 176.6995112972249 0
137.8481607801565 130.9020909460207 0
274.355754230364 180.5356120687963 0
247.0338024101933 123.6179227554311 0
114.8444964577345 136.9042421565412 0
184.0339758682835 118.7642214576966 0
165.0826193600134 187.7662136374732 0
121.1293975615127 113.9950718775802 0
293.0571122914988 111.5974427188169 0
228.1824773954995 192.8207560410994 0
98.15608243163825 119.9856276475792 0
91.8668416289936 142.8733661446635 0
104.4416145479678 97.09206380324864 0
127.4079526769905 91.09285879127532 0
368.1648761928792 155.3845642707167 0
359.71121778101 179.4069326161976 0
336.8312049564206 185.1953225327957 0
353.6323303128955 202.1109567194052 0
330.592106316178 208.1555292471548 0
375.4404022292284 198.150788574181 0
75.21429232738876 125.9826717717344 0
347.4458771438318 225.1378028455695 0
324.2937362263438 231.267325652564 0
110.7219017113021 74.21617453983674 0
87.77058367771255 80.21743799979647 0
133.6867517243161 68.19405394162933 0
68.91979171705248 148.839463181329 0
341.210415436267 248.2994833468315 0
363.4967197383514 241.8676011902576 0
328.7524898571003 60.72021291115813 0
207.1187242415717 112.7113389236104 0
190.3397351240144 95.76614893444155 0
213.3914911855888 89.7150306363707 0
196.6187544469889 72.80831154063375 0
219.682371160381 66.79532405779787 0
236.4312183898722 83.66027002859799 0
242.7158255434641 60.75585566408259 0
259.4524148784615 77.60411397393919 0
85.54528470339994 165.7157958705796 0
62.60626368686488 171.6841900187217 0
79.2492706205243 188.5752922633842 0
205.008539417425 198.9319294228646 0
221.8867462719868 215.9934459522595 0
197.1952751701166 224.4035512541474 0
245.1221741452214 209.8688394918279 0
238.8112636449174 233.0900037834091 0
262.042666407722 226.9276343939963 0
307.5053421686924 214.2633840055665 0
378.5472640937463 113.1349259878153 0
300.8527482409311 237.8538205973727 0
255.5895021630606 249.7983211408868 0
56.29105642002509 194.5283304025414 0
72.94514145379452 211.4845001040385 0
95.94942854035099 205.537281005156 0
89.9083534191075 227.8323670009387 0
112.8289170703693 222.4191165911755 0
70.69074478766211 235.575974803398 0
105.8910577422763 244.0310406029107 0
129.6097175569545 239.2868620574787 0
53.31969864478549 132.2683123865603 0
58.75368766669811 109.1800208854667 0
120.1063318829504 262.0441786207599 0
150.4068274582434 85.06659370889967 0
156.7992860814895 62.38058926562533 0
139.207159659071 42.52112225296794 0
93.50180202228819 57.9044156570597 0
71.03445195254471 63.45764671377243 0
135.9493589604182 216.4337469142595 0
151.761016404546 232.1112906735349 0
203.1384153501439 50.61969857250514 0
37.98627702688435 117.7939140285422 0
266.0125086132915 55.80485823443827 0
282.4830996574569 71.74697680956611 0
289.3563119270414 49.14690669602589 0
39.66574878364912 177.6315407179561 0
248.9778829380842 37.74177745972247 0
232.4328121767481 256.3520390359825 0
76.25737815433786 41.33372109579354 0
53.12437084467928 49.03938990633605 0
47.29564229747774 70.66906354422039 0
470.2175630604031 255.7179822525711 0
447.3302365146167 249.4768894845713 0
440.4614122995507 228.8293322973039 0
424.0816528769252 244.6375905752462 0
417.5807773642839 222.8599456185169 0
401.1564138328243 240.0398115454201 0
410.4977190367223 262.9966930586683 0
394.2586450401421 216.3214964914114 0
411.5974735477398 201.5200649002935 0
358.1833731355209 265.3345101630294 0
336.0010059941131 269.4416150009006 0
399.1726453136931 33.3768707457281 0
33.38451047026706 197.7236097159017 0
383.6588216835401 259.1686802583045 0
276.2358001629635 94.56852072484148 0
299.2551527272124 88.68499531086174 0
447.3865224637556 284.4747298741464 0
41.42597695158389 94.78273380209711 0
25.63878529967241 55.85130159438764 0
180.1450352714334 57.24524331802377 0
60.91061138388039 284.1370596885572 0
47.71430865191945 263.8968583333592 0
22.41154291276968 266.0539007660847 0
35.40756996768678 243.2980732279928 0
71.0455858324834 260.8246709953039 0
64.62571569751026 86.89119780706503 0
81.4936627248193 103.2248366524818 0
305.5259505263632 65.80472737656385 0
313.0380173255508 42.30866044858966 0
405.4795062742594 80.71284651569341 0
415.9276531454331 103.1671786564006 0
400.4238876449995 120.5280017884542 0
408.5883357470743 142.6444865017965 0
385.8760896512395 137.774821047929 0
393.5955364313194 159.4674466425352 0
417.2090850554069 163.8743046729761 0
160.8928017816604 124.8529232701865 0
45.98698577232119 154.8184475932282 0
108.8095621728912 284.0949848761913 0
280.4334690848595 284.6883638772272 0
295.7659528078103 263.4324422607476 0
256.916817990029 284.5734497776929 0
182.4998135086339 283.7734108192371 0
170.3400000000001 262.9217324773322 0
193.8786359994304 263.3052970343033 0
182.4466473577842 241.9658256509591 0
206.7378971859973 283.8662037069174 0
270.0408664259115 117.5932953906958 0
49.1533055017423 221.4832689479684 0
223.9295485365334 129.6825852916882 0
253.2251774943737 100.6129638471273 0
115.4740571105556 52.38444020883449 0
130.5786331410772 20.55714949189473 0
294.4130956901499 24.09484199338766 0
230.1883270430222 106.6666852471376 0
382.5739035133362 88.5776456333563 0
167.2122732601741 101.898202834172 0
153.1644643613643 20.66237686450881 0
108.5250549661407 159.7695584712245 0
200.9445647825081 18.92247015624221 0
313.8825288680674 191.2172626759901 0
173.586985273724 79.19418160029936 0
144.1495689197896 107.9679569046891 0
322.4086811006914 83.30134580803923 0
431.8236975238132 146.4825856201801 0
147.09131949788 258.4958587855265 0
268.1688511240892 203.6737063341114 0
188.2130410377482 181.850741077643 0
370.49634245287 218.9279110381814 0
181.4319942569904 204.5298708025941 0
217.3817495178426 240.2144167651117 0
251.3085548703628 186.7048626106279 0
319.22785760993 253.7244838096071 0
315.9998526428787 105.8137740303887 0
320.1349358161579 168.2805795757936 0
102.2314757208738 182.6555645590753 0
440.3643608286295 168.2996032672047 0
297.2521475138693 174.382068356049 0
336.734906467616 38.11209686895188 0
133.6694012764697 282.9296947734039 0
119.0133876978763 199.5462550970921 0
226.0341706124349 44.0850633524561 0
142.0259956662 193.6076341510044 0
290.9985502807827 197.3884702506529 0
158.4073561085653 209.6808385556533 0
284.6771172127247 220.6418327522408 0
278.4945450541312 243.7439809317451 0
456.1283359402387 212.3095355964192 0
345.9356457741866 17.32747650981105 0
399.2511197623698 283.4946715796316 0
34.16430966038095 18.76483047873819 0
19.16380786623805 128.8676092660942 0
83.6318099523746 19.67374237408987 0
165.0008844706454 40.33018372943815 0
433.6709149087983 207.2057875828502 0
18.26673615364462 178.1470265700592 0
94.83347993932182 264.2100233938284 0
351.1849233729261 286.5558637279229 0
403.9739808918246 180.3928324184828 0
425.8339153233195 185.2993952137543 0
19.59362946785825 104.9447205223686 0
394.0280754616923 7.738461720904837 0
248.5340726071495 15.5322001705978 0
270.3239066719092 265.0745656946606 0
381.7775314837274 177.4885412706967 0
434.5907061995858 265.5511584601189 0
98.07303756630824 37.61564517339076 0
16.22051188565783 244.69863975942 0
173.4606670949956 225.0742149377467 0
214.0071064417241 263.5381518304321 0
189.0200748099339 37.21308478823846 0
367.1978443095694 132.0206431495786 0
86.47384434417023 246.4948153592759 0
382.1812487509069 234.3599370518011 0
386.4672423052737 67.50073875890357 0
327.8832843626939 288.1209433063728 0
396.5473301524235 101.6874370695994 0
14.62385290807822 199.4230769230771 0
17.95410779722175 287.2669961544254 0
35.50911931416985 139.6303046981603 0
17.20315281958827 17.12634218917847 0
38.22861094697356 36.21573172143243 0
248.137852039927 267.1014504992319 0
388.9260612596906 46.87679279680782 0
273.7276137213221 38.18674136941681 0
118.7141883549364 33.7009863697433 0
394.2815068754439 196.0918261834778 0
165.3026002005777 246.0364458379037 0
316.64238033429 272.2374075972865 0
54.48571804410923 245.3929032543636 0
199.4690626397472 246.0918022899241 0
210.8350934589596 34.71790674571639 0
454.8096142733079 267.167914428262 0
2 2 0 358
714
715
716
717
718
719
720
721
722
723
724
725
726
727
728
729
730
731
732
733
734
735
736
737
738
739
740
741
742
743
744
745
746
747
748
749
750
751
752
753
754
755
756
757
758
759
760
761
762
763
764
765
766
767
768
769
770
771
772
773
774
775
776
777
778
779
780
781
782
783
784
785
786
787
788
789
790
791
792
793
794
795
796
797
798
799
800
801
802
803
804
805
806
807
808
809
810
811
812
813
814
815
816
817
818
819
820
821
822
823
824
825
826
827
828
829
830
831
832
833
834
835
836
837
838
839
840
841
842
843
844
845
846
847
848
849
850
851
852
853
854
855
856
857
858
859
860
861
862
863
864
865
866
867
868
869
870
871
872
873
874
875
876
877
878
879
880
881
882
883
884
885
886
887
888
889
890
891
892
893
894
895
896
897
898
899
900
901
902
903
904
905
906
907
908
909
910
911
912
913
914
915
916
917
918
919
920
921
922
923
924
925
926
927
928
929
930
931
932
933
934
935
936
937
938
939
940
941
942
943
944
945
946
947
948
949
950
951
952
953
954
955
956
957
958
959
960
961
962
963
964
965
966
967
968
969
970
971
972
973
974
975
976
977
978
979
980
981
982
983
984
985
986
987
988
989
990
991
992
993
994
995
996
997
998
999
1000
1001
1002
1003
1004
1005
1006
1007
1008
1009
1010
1011
1012
1013
1014
1015
1016
1017
1018
1019
1020
1021
1022
1023
1024
1025
1026
1027
1028
1029
1030
1031
1032
1033
1034
1035
1036
1037
1038
1039
1040
1041
1042
1043
1044
1045
1046
1047
1048
1049
1050
1051
1052
1053
1054
1055
1056
1057
1058
1059
1060
1061
1062
1063
1064
1065
1066
1067
1068
1069
1070
1071
980.5681617227277 175.6501247889737 0
650.032073931819 20.60877557373701 0
796.2345678761818 22.80725758886618 0
715.4956044906626 333.7445580870107 0
814.9389316109308 336.0866546181312 0
509.1645690573569 241.1724069088634 0
722.4971839580502 20.35890299860256 0
485.5452384887411 177.5885045554995 0
639.0127398220773 332.2140442691756 0
867.6978448330428 22.451583402929 0
577.6646889043103 20.89799779640271 0
888.895670724562 333.7818378968956 0
979.5040654437682 106.5000000000003 0
978.5257856868259 245.1018398652301 0
463.5084658624038 108.8788864773331 0
528.487090063074 308.0794458837077 0
594.1456312576463 334.1948429445081 0
505.2794439986253 19.69632693407564 0
764.6113299369149 333.8048737904433 0
916.1702707812633 22.70700354185081 0
937.9462468570709 333.5520569081584 0
980.0618852334624 59.33878573502487 0
445.4412278720478 66.02273216291358 0
981.175751754635 295.9311774875741 0
424.8855420859363 26.67937392222663 0
456.7415862888022 16.87752717618235 0
964.8694461116281 20.36336281949079 0
417.8583422058293 12.03890363705858 0
434.6987213507479 45.41299915588144 0
456.8570458946705 48.42681476740756 0
468.7845767944435 67.98649273330243 0
480.7804910211262 50.46855832945265 0
492.6755796818061 69.69307543717213 0
505.2223183983558 51.39125763420577 0
516.3808737664733 71.24868225972614 0
502.7172547927223 90.08126998632139 0
527.0908213968466 92.08102492470752 0
513.3330491610858 111.470755429509 0
537.827232140367 113.2548332036842 0
550.9871414269511 93.44283371551255 0
561.7778508671381 114.6868082019441 0
574.8534042330596 94.69125805657208 0
585.6932645977089 116.0469205906079 0
572.5937032321857 136.0877361409129 0
596.5377340983282 137.4576940350407 0
583.4328171221148 157.6975754958801 0
607.4338577455965 158.9925510140315 0
620.591402850589 138.7621657524946 0
631.4739508505675 160.3130728293158 0
618.2922838863967 180.526087042577 0
642.4007688995657 181.8930944656633 0
655.6103506665111 161.6981854588788 0
666.5597441051179 183.3127695775848 0
679.9007458063602 163.0391504414023 0
690.8108681925489 184.7500421388199 0
704.1359174317923 164.473992469321 0
715.0973616575392 186.1994173000999 0
728.4373298793998 165.898837788086 0
739.409377656885 187.6462884081176 0
752.816301787392 167.2977881384527 0
763.7460505198503 189.07796264299 0
777.0673690323615 168.6804577847439 0
788.0649123930782 190.4973871496897 0
801.4911273230409 170.1459646593314 0
812.390730505431 191.9175281869129 0
825.5992173842353 171.5520375434271 0
836.62921746428 193.3126863398553 0
850.02161071715 173.0592221388933 0
838.7268202504968 151.2382207694893 0
677.3480256177693 204.9210718126708 0
860.8522755696531 194.7231835745767 0
765.87613414783 146.8871191576542 0
693.0075929122506 142.86802691985 0
863.2447939957049 152.8192654714825 0
750.3407788056121 209.3916846415262 0
847.5636723722233 214.9833909728832 0
871.7396078772866 216.3768183666235 0
852.5045161701789 131.2123123521988 0
876.5805572999268 132.6485373990004 0
799.0118378781626 212.2316450907589 0
858.455693426997 236.635465113018 0
882.6180596180677 238.0250212454163 0
629.1241868592081 202.0448354229053 0
605.1144842910819 200.6970064913965 0
615.8859996157709 222.1229223941074 0
887.4418357641271 154.091592663462 0
598.8155203029489 95.95729491238153 0
895.9450525773602 217.785319627255 0
865.8091989542526 111.0883028331012 0
841.7173271624993 109.6160041193432 0
889.8479955497633 112.5148317406557 0
592.0856467522245 220.8062632401881 0
602.8537803306082 242.1429043624894 0
626.594095180698 243.4553037314178 0
869.3361828089055 258.3578077989513 0
845.0445577936866 256.9643615318067 0
892.9776793356799 258.8516181409557 0
559.5946032834117 156.3674694861363 0
613.3951155232859 263.2350955029455 0
637.192398687443 264.8023254072321 0
590.1468761185495 261.9566245752013 0
879.0950420351522 90.98575864423165 0
903.1010738487083 92.45124888427374 0
913.8396149574388 113.9069175486198 0
855.9805635104233 278.7668564914151 0
831.5847032173502 277.3433108034354 0
927.0454635805627 93.90290161191083 0
528.6093017680375 53.58223390351428 0
892.3607171633358 70.94035356635987 0
868.3364484695288 69.46772200972728 0
588.0044029018754 75.06161570946921 0
612.0422450259607 76.54757369227734 0
600.1924991093201 285.9617617231056 0
576.9397817301527 281.1739268473634 0
567.2175305278236 260.6471306621451 0
581.2361119599447 199.4472250252397 0
568.1371483483597 219.4285223475199 0
557.4724280742096 198.2151122883636 0
524.8376179120303 133.1328988835826 0
500.3754324313478 131.3891379035833 0
622.8528704654616 97.36421003795078 0
636.0118787941492 77.21936604926938 0
646.9023406683382 98.58479355436299 0
660.0687430471163 78.36250903321569 0
671.0026700398645 99.88672909813577 0
684.1937353114382 79.64666707661279 0
820.7133578802725 255.5423042905315 0
807.1617993670452 275.9069666870669 0
650.5292414781477 244.8813733915399 0
661.2479469309386 266.3902030405657 0
796.3269080846314 254.1023537025091 0
782.7293446815916 274.4852573294063 0
695.1460106899002 101.1483554640855 0
708.2367213246318 80.98608177293968 0
719.2963337676496 102.4682016251759 0
732.5093441409947 82.28979790519421 0
743.4958934324746 103.7764062274573 0
756.8215779962186 83.59036315902949 0
767.7596128301964 105.0556666982816 0
781.227503481515 84.79981613857835 0
791.9963453192697 106.3876688182869 0
805.3608836821413 86.18233360095823 0
770.2698827111202 63.38855099474782 0
771.9103955152527 252.6539741443856 0
758.2652823549026 273.0438695020286 0
747.484916604089 251.1947655996403 0
733.807451323318 271.2965701393563 0
723.0259491137272 249.6156951549019 0
709.5128499104015 269.4488280020653 0
674.6101831257982 246.2947769812834 0
697.1454744391899 59.50284912830472 0
937.49550923102 115.4291429464216 0
924.5632278866344 135.3153445007611 0
948.1656863562227 136.8268302152296 0
935.3051165243395 156.658776584616 0
647.8080785295041 286.4778399105256 0
671.9470103984241 288.173824940398 0
842.9146059593235 299.0588105296467 0
555.5564242123097 279.5198341229953 0
565.2892638741789 298.9871894018129 0
743.5482292217354 292.7368037575116 0
624.583516604043 57.93590363628829 0
544.9651879582628 218.5997095959921 0
533.9283489203679 197.0577160653058 0
792.6756979939678 295.7846380824894 0
543.7150385098254 260.4835297652126 0
730.4211838639663 123.9420285706691 0
657.8122470451851 120.0600744828239 0
867.9952854549372 298.007244849172 0
512.8271880883919 152.934143631866 0
855.0035343246468 317.4705110815441 0
955.0526196282752 94.44639729935291 0
940.5929534142923 77.5279655533232 0
536.7435267519218 278.6258407756605 0
881.6109623384277 49.38682985274792 0
904.9797782423748 48.40714121829174 0
856.8032038645094 47.13895828966426 0
844.1548599204646 67.87772499749784 0
833.1154017032575 46.41293313035895 0
658.5297327150118 308.3897427274949 0
682.9047613492601 310.0271046169747 0
520.9633428296753 216.7400667197177 0
509.5768622781358 195.1821298400986 0
634.1868180588796 306.745133133714 0
616.08197533538 321.3251594175734 0
598.0330852298855 309.9176648210237 0
960.9356830052016 160.6990644170908 0
946.0968920364362 177.9638162630118 0
922.233953209181 176.5990983672428 0
932.9856648012588 197.9727109392334 0
955.5740928062861 200.0064369686986 0
943.5379171923352 219.4502307170795 0
966.3288448665119 221.8741800196426 0
972.2447061155157 139.628206685988 0
953.9975744876031 241.0180504548582 0
930.5839740840095 239.4829598344725 0
942.2426668319922 260.0209384560122 0
492.0611107611591 153.4468977680012 0
473.5538835736008 134.0225450306768 0
523.1521506193625 175.9283066765475 0
816.2897982445529 107.7975342848669 0
803.0265084393134 127.9450822537651 0
488.0228714165367 109.8101443781893 0
891.7044850960042 25.59450088757129 0
930.3682402914295 42.42103399573091 0
666.0462142912936 332.5929079841922 0
567.3821921780137 335.4127118968133 0
579.4529713685891 240.8989031932049 0
909.0647015102813 196.7391447594358 0
480.7285660404388 18.15911600142081 0
827.5047600693238 129.4771962528504 0
570.4616849704946 178.0265816618394 0
819.810086359566 66.31677813134641 0
808.7438461785421 44.69717334124213 0
820.252366768809 23.49423428256736 0
783.2024009956576 43.51168648983911 0
770.8098180464056 22.15790767687537 0
556.1524683188082 239.4965383661583 0
544.4237845998243 335.6714034362483 0
623.6351274394931 284.4017301147753 0
913.3176997596556 333.64132700354 0
925.6073369254517 312.3074053775015 0
948.4828609223489 310.4206814419545 0
935.3257379555081 294.5122790851705 0
914.4612419463517 294.0821489540539 0
963.2195043991234 331.3846657609387 0
874.1641439442974 174.3470538530979 0
901.9197965764899 313.0425764883885 0
789.5224861780885 335.2475768725259 0
746.4168973102173 21.10027977889027 0
734.2566001260431 41.58308572651779 0
531.9632161046986 240.0690458426592 0
529.542552003122 19.83038659933266 0
553.6720308951897 19.81278633530752 0
565.0327595745533 38.44644673542999 0
589.0620257240566 39.38481116590127 0
601.1764949950988 20.22368704633061 0
625.3141525786028 19.92330194104409 0
739.9033154361402 334.0735029072776 0
729.4259671010649 313.1743224268168 0
594.3285399959382 179.2311711218274 0
741.5431538799154 145.5709505711035 0
900.6376249021223 133.9520097820408 0
673.1879660547891 58.56849991103665 0
685.6531061449854 39.42907516900766 0
920.1975492083214 68.77879399200378 0
648.9989781029416 58.314048616519 0
823.3144657500108 213.5770733987813 0
884.983122110719 196.0111219496086 0
546.7225707931259 176.6694590815335 0
563.531354900887 74.54060384322329 0
774.6774403000521 210.7987502241322 0
979.5040654437684 82.83333333333357 0
535.9787540096352 154.9326268754569 0
454.5291716717547 86.86311011642231 0
855.0185821478603 89.5190494731695 0
726.0133614352285 207.9446336412437 0
701.6443706123948 206.3586433281028 0
818.0011652358941 297.4678643905265 0
539.3557260222709 73.18237812065455 0
767.7421860719087 294.3758056890604 0
609.7034931603641 117.3725937965335 0
548.7682935741281 134.7437287986195 0
653.15602043897 203.4341809205845 0
880.3184535356504 277.44311575803 0
681.9723191661465 121.3257908857789 0
830.6890788831467 87.97986579944299 0
834.1840830402244 235.2489752655394 0
919.8629131924082 218.1073599596757 0
911.4740000298935 155.2955444147447 0
980.2915739215592 271.6166140032452 0
691.6767071220224 333.3057033540581 0
633.7376682270148 118.7159131266563 0
814.2412375039096 149.6642853948383 0
906.6275680306414 239.2634521910567 0
644.6354972924842 140.1681136739179 0
639.8361133862197 223.4875963228978 0
809.8624629504324 233.8418841709191 0
668.8231254814896 141.5265569771086 0
898.2269594280832 175.5139260012653 0
941.6602012316727 22.13282161833615 0
917.2057987186078 258.1794344355554 0
778.8634278261329 126.5837605791185 0
685.3218936448146 268.0036301097043 0
698.8445804276708 247.9499375539562 0
717.2751311788605 144.20776519732 0
706.1864285964623 122.6600281104799 0
785.5140624999253 232.4167047570072 0
754.6599009967526 125.302655300714 0
761.1439504714068 230.9738588294223 0
663.8601263759249 224.9327536079666 0
736.7675356462233 229.501651841495 0
712.4437100515137 227.9466951250728 0
790.0686353561894 148.2178635155047 0
795.068159751823 64.68674453844389 0
688.0895041177009 226.4140108278053 0
695.9032370865161 289.9522255766491 0
745.3566771311199 62.34951370165317 0
979.3933784895331 201.1255068769056 0
544.4576500323508 296.3968677764323 0
551.7287649690488 316.511050432375 0
720.8575348673075 61.00712320519013 0
955.7936434708861 284.4771947363931 0
520.2688730009304 265.1594994146673 0
709.9785849669505 40.24358098307829 0
981.0660285157567 35.93805229457769 0
957.5007339156958 43.85642422532813 0
982.3749612678868 318.7559608708285 0
758.3853793867606 42.34850406142058 0
844.4144262235008 24.33488202730575 0
961.8629434853798 118.8998738596655 0
719.5431276108345 291.679733223095 0
674.2936566920174 19.80353755750787 0
435.1870210361217 13.91702841527663 0
698.1929872762589 19.97251611803273 0
499.3392057062069 218.1453918659129 0
828.5969709837036 317.3927274945795 0
478.3729867032779 88.8854965214568 0
752.9731504461255 314.3393283877504 0
705.2598725909586 313.0820397018406 0
662.0247015129653 39.20732741032376 0
959.2744792588401 68.96730321008316 0
777.8778884231601 315.0913272060124 0
636.9461742948359 39.35026967771006 0
522.765410448588 291.2491648528583 0
578.0650169799967 316.757601530521 0
613.1085046153831 39.1856790583893 0
982.749710168689 156.7288125117439 0
962.2947632181063 260.3333333333334 0
803.6021900709575 316.1784647773775 0
488.8541511473403 200.4960894630811 0
444.8879187235277 30.26597615511838 0
532.9759279263894 324.0523799504662 0
552.6972893106581 55.62402301762158 0
840.7335518374839 336.1578392160698 0
600.7349332315023 57.61466825209624 0
866.7214490194096 335.6891628973675 0
583.5396843123332 298.6477486404898 0
576.5104609405888 56.77869478729028 0
615.3832341955238 301.9619173834285 0
504.632510047158 171.0159964944026 0
881.0351729437107 314.9508289700655 0
541.3044310981185 37.2089669230284 0
891.2012946277284 295.7091250864669 0
517.1020431573444 35.94419519978121 0
982.805916500988 17.19710933359539 0
985.2747674695941 224.1804279008618 0
983.1975619988054 338.0859431571868 0
941.5867912177158 60.31030419529384 0
904.2482591473519 276.4990408111343 0
492.7553167640606 34.36422366401246 0
928.9197677058887 275.9070229441162 0
472.628668661624 157.4014561129743 0
983.1075515624984 123.9252456246571 0
468.001403265293 32.87726077175475 0
962.8722942598939 182.9045459071612 0
966.8457785711735 308.2319402172668 0
616.1444103901274 340.4265773816813 0
2 3 0 199
1072
1073
1074
1075
1076
1077
1078
1079
1080
1081
1082
1083
1084
1085
1086
1087
1088
1089
1090
1091
1092
1093
1094
1095
1096
1097
1098
1099
1100
1101
1102
1103
1104
1105
1106
1107
1108
1109
1110
1111
1112
1113
1114
1115
1116
1117
1118
1119
1120
1121
1122
1123
1124
1125
1126
1127
1128
1129
1130
1131
1132
1133
1134
1135
1136
1137
1138
1139
1140
1141
1142
1143
1144
1145
1146
1147
1148
1149
1150
1151
1152
1153
1154
1155
1156
1157
1158
1159
1160
1161
1162
1163
1164
1165
1166
1167
1168
1169
1170
1171
1172
1173
1174
1175
1176
1177
1178
1179
1180
1181
1182
1183
1184
1185
1186
1187
1188
1189
1190
1191
1192
1193
1194
1195
1196
1197
1198
1199
1200
1201
1202
1203
1204
1205
1206
1207
1208
1209
1210
1211
1212
1213
1214
1215
1216
1217
1218
1219
1220
1221
1222
1223
1224
1225
1226
1227
1228
1229
1230
1231
1232
1233
1234
1235
1236
1237
1238
1239
1240
1241
1242
1243
1244
1245
1246
1247
1248
1249
1250
1251
1252
1253
1254
1255
1256
1257
1258
1259
1260
1261
1262
1263
1264
1265
1266
1267
1268
1269
1270
517.2704409997184 371.2169486213758 0
109.9920243130112 483.9206864782714 0
182.8181654036563 483.6571023344297 0
255.5570352450422 483.8606275469325 0
328.3967596891455 483.9325754671037 0
401.6573961221995 483.7385596451728 0
425.6753368705014 325.1183670621738 0
352.8432703292058 326.0758314160352 0
279.8424902006565 326.0746830378512 0
206.8410507617538 326.0741173308394 0
134.695464600064 324.2762817305603 0
22.56635556754551 390.8243241553797 0
474.4991111668197 484.0153504954454 0
85.96593729546703 324.1918846701384 0
22.07168364567781 443.7807055028289 0
532.1136099769343 418.6791774514659 0
475.340607811681 321.8443258261124 0
522.7475236655869 484.2573648790672 0
61.18050956485575 482.876625945371 0
23.81079388090566 342.2258081544834 0
505.6018101155493 335.4691580807604 0
545.5249925563915 454.8923452107649 0
548.0432138102019 480.1824176101367 0
498.7841777853649 484.0547103815288 0
486.6974028332647 463.150299726603 0
462.6153666000607 463.0416893322995 0
474.828968286649 442.3468909645515 0
450.8743315173381 442.1148980708552 0
463.0539909326799 421.4119965385343 0
439.0872248289704 421.2488144031788 0
451.296375758502 400.5066425913292 0
427.2643809399696 400.3778092882855 0
415.0349086941759 421.092037827491 0
403.1288035444412 400.134165810853 0
390.8679209567393 420.8936934854476 0
378.9242431321418 400.8497046914595 0
366.6443026045916 420.8683100150688 0
353.887811347287 401.2638506347197 0
342.25082482158 420.8305238659877 0
329.4663763700638 400.2237511806738 0
317.9175317256053 420.4886492900187 0
305.9219787291948 400.4392756398752 0
293.7318816120856 420.3919365391358 0
280.9247485596065 400.7953155271452 0
269.3232738802394 420.3446507413273 0
256.486238795914 399.6818274684735 0
244.9678494059249 420.0212529044587 0
232.9636566344066 399.9236664141923 0
220.7724248694042 419.8766690488699 0
207.9260844203383 400.2984948461469 0
196.3499288079863 419.7833527588909 0
183.4738116054218 399.1256316695027 0
171.9855727229301 419.4419456516561 0
159.9897123270897 398.2514823115956 0
147.8581617903721 419.045127347297 0
135.8375833550318 397.8797082791744 0
123.5074072975339 418.8547293933133 0
111.5042480050505 397.6267481084224 0
99.1272685256709 418.678789503508 0
390.3452490360667 382.5235313326115 0
87.09605622129422 397.4334034612684 0
316.5099822493657 382.6763001913442 0
243.4833752464037 382.3116968283135 0
170.5384722795462 379.4134122723931 0
74.67582350056054 418.511905608393 0
439.4853406190741 379.6664846303708 0
463.4399794267262 379.8002090831151 0
135.5206447427168 440.4748088164537 0
208.4684793137957 440.7783724871421 0
281.3028609760948 441.3795604605171 0
99.49552489637966 376.3620161839335 0
75.02360691158637 376.1553011648986 0
354.3672911002225 441.7165221951306 0
86.7503056250616 439.7953989656708 0
486.6986249374429 421.6455710962057 0
438.5977834571891 462.7735158570838 0
451.7432973986227 359.046564967401 0
402.6164229828577 441.7487316922275 0
62.9037339708081 439.2670678818315 0
476.3098512705343 362.9489557946939 0
50.87755361473774 418.1228959463025 0
426.8169477157284 361.7403241779213 0
486.2198041349027 382.2495411428554 0
87.44732410198247 355.0519945383486 0
62.91700606997961 357.1517649932524 0
111.900650488854 355.2896353721123 0
46.70035306264023 377.5364561620393 0
74.11393832733086 461.3001669616213 0
45.48191200463688 458.732004390157 0
36.20145182544181 482.7657701519077 0
98.88479685782139 461.1075899282126 0
474.9441616901346 400.9842132980252 0
497.2351240864485 400.8798180413647 0
509.7910712534108 463.8492199205702 0
498.2867296134372 442.7401278910015 0
523.0810394292056 443.1061505479621 0
450.8683929680527 323.8541249310307 0
21.93406932825059 367.0878765858773 0
25.55624288328568 417.7000636737806 0
123.8760491522507 376.6002270973087 0
135.6101477958558 357.6878386380855 0
450.2917990054724 483.8551173494853 0
426.1512533806685 483.7837403868956 0
159.8223199593781 440.3236260024819 0
147.0521720789876 462.4321608412011 0
171.3613584351446 462.1313283399544 0
182.507095111482 326.0739588984338 0
195.0374683243896 346.2651664311612 0
218.5078905379111 346.6771447932696 0
170.6996679876343 343.6917955524249 0
206.4714129903493 364.4047609009322 0
231.091100865449 325.9956746902099 0
243.0460107576118 345.898998964958 0
255.4459739758908 325.8528625125139 0
267.9778701253501 346.068155186323 0
291.5219679611389 346.6577360604871 0
279.50875311017 364.5577509923032 0
304.0938939987478 325.9932981854136 0
316.0649270020421 345.9572966924311 0
328.451296017065 325.8625878037608 0
340.9755023695359 346.1253763989296 0
364.5403005218229 346.6755510361774 0
352.5290100253624 364.7519729921544 0
377.0925710525167 325.9964697533765 0
388.5840709095391 345.734152749216 0
400.8549142273315 325.3861916814865 0
158.8065369668442 324.3083579182954 0
110.6172727597645 323.6242251855586 0
232.7806815796533 440.9003779166836 0
220.3743344462154 461.8954434723677 0
244.8239751193586 461.9639913548438 0
279.9569054114497 483.8993180780752 0
304.2354833945829 484.0014869165262 0
316.7503637373754 462.7824795416607 0
340.8856671298809 462.8386662997624 0
352.775518912743 483.9944263897857 0
377.0862514590286 483.9638274742952 0
389.4088166581252 462.8364178554012 0
206.7695833333332 483.933210365107 0
231.2317861254547 483.8487841949613 0
85.29701818670833 483.7425696217898 0
122.8691905655458 462.5518239947929 0
158.1179166666665 483.933210365107 0
195.6624377991992 462.1336324632709 0
257.0578269043397 441.1176130929367 0
184.1199655925088 440.4997984489072 0
111.1099356023917 440.2438567669919 0
61.35014614221464 324.1601005368582 0
146.8423790646912 378.1392547994648 0
268.9959044548728 462.2241201117488 0
415.1017681652967 381.3661077078256 0
521.2769502841332 394.9385549113274 0
62.68585241486869 397.2359459294215 0
427.0108031461005 441.8470745455136 0
305.5935481043898 441.3743793611681 0
329.9665748140272 441.3531660261027 0
365.339687527368 462.9339745434453 0
378.4079416897768 441.6493434309812 0
414.2404126245234 462.7880066637157 0
134.2692450484796 483.8063136132287 0
292.7433202930072 462.9532880809789 0
511.1608096690818 352.6494943160324 0
499.6195766035929 318.5872207829589 0
509.7820130546003 420.3315666565546 0
37.54626193952569 323.1792476305343 0
20.27328887536123 467.1115253075204 0
40.84071190623081 356.6558533600526 0
492.4768476799397 349.4995741111683 0
414.2404849627709 344.1358091624652 0
377.754399600295 364.6656404258339 0
304.7219221651394 364.6087713765155 0
542.7519283925063 435.3355346420386 0
231.7201001165518 364.4225227703092 0
41.68238291664062 399.9076854165384 0
467.9999481353412 341.9427547023364 0
41.6036246213481 436.7668664697283 0
439.5574013418362 342.6396575005547 0
341.6643142055165 382.8288428684733 0
402.5488868472973 363.4733285681501 0
268.6959055064338 382.4774217798545 0
365.8508378911116 382.8139238242088 0
497.9104585255939 367.0402121879307 0
195.7046307625499 381.6990533638858 0
292.713881719985 382.5924725845063 0
159.4948798305728 360.6111953775097 0
328.7442763361603 364.491426753308 0
18.27243728179866 323.4122161872539 0
529.4897700889883 465.8234234703397 0
219.7115433617666 382.1766991872967 0
255.7386691437535 364.2894244203436 0
17.79177727159049 487.0229310027223 0
182.9910886958403 362.6808973163845 0
148.2436197414133 341.8700800352379 0
123.8455769941698 341.2010745181306 0
488.2077580692209 333.4686067006672 0
99.48719860358733 340.8385979298722 0
74.61330824181061 340.4878094952503 0
504.0139494523784 383.5695787581577 0
48.8413371893779 339.2773609046105 0
2 4 0 154
1271
1272
1273
1274
1275
1276
1277
1278
1279
1280
1281
1282
1283
1284
1285
1286
1287
1288
1289
1290
1291
1292
1293
1294
1295
1296
1297
1298
1299
1300
1301
1302
1303
1304
1305
1306
1307
1308
1309
1310
1311
1312
1313
1314
1315
1316
1317
1318
1319
1320
1321
1322
1323
1324
1325
1326
1327
1328
1329
1330
1331
1332
1333
1334
1335
1336
1337
1338
1339
1340
1341
1342
1343
1344
1345
1346
1347
1348
1349
1350
1351
1352
1353
1354
1355
1356
1357
1358
1359
1360
1361
1362
1363
1364
1365
1366
1367
1368
1369
1370
1371
1372
1373
1374
1375
1376
1377
1378
1379
1380
1381
1382
1383
1384
1385
1386
1387
1388
1389
1390
1391
1392
1393
1394
1395
1396
1397
1398
1399
1400
1401
1402
1403
1404
1405
1406
1407
1408
1409
1410
1411
1412
1413
1414
1415
1416
1417
1418
1419
1420
1421
1422
1423
1424
596.2100521157728 490.4651716071512 0
690.0812809747152 376.4119579568095 0
887.9692379714936 376.2351824891452 0
814.1617648567429 376.4649815306028 0
763.6532739878596 533.4240444021781 0
863.1744791658251 534.7393682102214 0
689.7767807989648 533.9025370159384 0
977.2201780589537 469.0482203719357 0
581.5131788064655 441.7188322742964 0
739.8184312307476 376.4454322811341 0
912.7340613730431 534.2748010990324 0
813.4171614462974 533.3950475416954 0
640.5977760250267 376.3767735069418 0
978.9206313555919 416.5794157741483 0
638.9927019682292 537.0071273942075 0
591.3738454131983 376.0830607846219 0
936.2290388144851 375.5919175409239 0
975.8175620564494 517.6738500191423 0
607.1978170596417 523.6830656317693 0
568.0441214099221 405.4294935160671 0
565.5557949726619 380.0351814805857 0
615.9789378294969 376.2396200720137 0
628.2572440102997 397.4550568586849 0
652.8036183126216 397.6110334911208 0
640.395717413073 418.6362081350888 0
664.841417069791 418.7793226413809 0
652.403800869307 439.7594993745735 0
676.7454659646389 439.8827719853591 0
664.413705586496 460.7818646459807 0
688.8256970092573 460.9743340162509 0
701.1770579891709 439.9317783336424 0
713.3510499970399 461.1667571034173 0
725.7611058368292 440.040470270238 0
738.0019375103043 460.1266624002811 0
750.4249645387694 439.974451803614 0
763.5861639692198 463.9403896292303 0
775.3112925328634 440.6168722500308 0
787.4415499694944 461.5543188806406 0
799.9524898440336 440.3876691125255 0
812.2287513075077 461.7149255528641 0
824.7158501428268 440.3429952031549 0
837.0215515017447 461.813749922395 0
849.518540368437 440.5113282025548 0
861.8289708951241 461.9363527737821 0
874.3332003089222 440.5028332346387 0
886.6479944002108 462.0302406558343 0
899.1576304212771 440.5782214315964 0
911.486984974475 462.1447316429089 0
726.4486562706267 483.010155178512 0
924.0100530459115 440.6770887870119 0
640.1584780329024 460.7031038193971 0
652.1251024074812 481.6462839298301 0
862.1563060652968 419.0976874168579 0
788.2124076497023 419.1663775419275 0
800.3937028530803 480.9376419325673 0
850.3259894841168 485.8251267293012 0
898.9691096056848 483.6092645389 0
923.8299364918958 483.7286400037113 0
911.6708975856749 419.2168637830269 0
713.8939443253164 418.9688820300627 0
616.238771010482 418.4359488424337 0
938.2446759531909 417.4315661732776 0
949.1245982705079 441.3009298403054 0
629.1109737729194 480.8372194428857 0
616.1006066369982 460.6009367611001 0
639.8340441499348 501.2106776249803 0
664.9146197625266 499.0078987828364 0
911.294309164795 505.2121715393132 0
936.1321216795344 503.5252842725412 0
887.6842419006587 502.0799393955579 0
952.6958152138275 482.3581167062824 0
628.3980203370352 439.4541740144347 0
665.393392475002 376.3734256646197 0
604.8142527013999 396.8733597691254 0
590.9337419208143 417.5204682411605 0
677.326022916857 397.6362658417352 0
923.4770051292236 396.7665788581709 0
615.8243736764513 501.6489742304564 0
664.9892324462202 535.5797606003318 0
714.89263557394 376.3658778050273 0
726.803720279833 397.7488875934304 0
751.5277634727647 397.7546802112108 0
764.4794883854503 376.2969961766682 0
789.359350611375 376.2987505758954 0
801.276846655294 397.7505177806374 0
825.9857953240223 397.8897679521847 0
974.7251577099616 442.4090015949477 0
977.7262109676631 492.9825098331298 0
979.1238518811992 392.5596355136977 0
714.0511513303139 533.5376932993254 0
702.1015234974664 514.5881639946338 0
726.9752799875815 509.4847060385112 0
738.9158848152211 533.0600370769503 0
751.1643535855713 511.9137787216868 0
775.8765236795376 512.9900005763725 0
763.5555863145839 490.3860430719849 0
788.4955265493247 533.5939758456459 0
800.6935392086219 513.059806909705 0
825.4606311917396 513.5475054567113 0
838.2235573339483 533.9006067104154 0
850.6478221998277 511.7217190538644 0
886.855927912215 419.1822497437846 0
874.9255813460531 397.6147101613712 0
887.8359699254941 535.4613381627556 0
937.4211108736365 535.4514728166383 0
838.7154884389422 376.2685310080013 0
824.5958339780151 482.5546927768389 0
875.4565930287295 482.8553419183327 0
700.9521870300837 481.7764695969873 0
936.3281198622246 462.2543736474374 0
960.0016616676521 403.5130621232664 0
593.3875212568971 464.9410789984184 0
676.5110227101782 480.9822807339862 0
912.2557971851559 376.1326289922424 0
689.3147362451309 418.7803810390354 0
899.4626049498243 397.7182431171734 0
702.0520567192988 397.6520420443501 0
863.3954378820688 376.1323630375878 0
837.2033851231542 419.5967290094025 0
604.4286399947821 440.4452398553073 0
812.7517292058413 419.2934012566602 0
738.5466452683238 418.982698205736 0
763.4971121315389 418.9323963158835 0
776.3921614843541 397.6999531003705 0
850.5364230844667 397.4443013566497 0
616.1946277206071 537.9944901818044 0
961.7289895561614 536.7016709169958 0
960.9730821362621 377.6992449877888 0
958.4834412720322 503.3894034785126 0
570.7062084274404 424.9337588063048 0
957.9818086944689 459.757536248477 0
598.5877819037065 508.4927756272087 0
626.110163962438 518.9434147315166 0
676.9789893605678 516.3309793389336 0
743.6802224464309 494.069892599369 0
651.7419882834344 518.1227985024035 0
584.5985047037818 394.7177944091163 0
780.4228064056352 479.1119270543695 0
960.1227608257791 424.3101077548578 0
867.6229371783089 501.0566271610865 0
981.7202218160791 373.33849543436 0
981.711017964196 536.6774461047269 0
689.0896759728507 498.2660261544787 0
712.0472663384851 497.0443554502181 0
748.6231938434041 476.9587843686629 0
610.4008628560575 478.3006182280517 0
788.1569221296965 496.3337260843364 0
812.3803506320763 497.0958310807473 0
835.7613113350559 497.2956265826441 0
875.8656356150531 518.0404985257103 0
899.3310601241608 518.7847706171112 0
942.564743970106 394.2415190794786 0
923.8868724514562 518.9081649302515 0
950.0454964426868 520.4072565614674 0
2 5 0 52
1425
1426
1427
1428
1429
1430
1431
1432
1433
1434
1435
1436
1437
1438
1439
1440
1441
1442
1443
1444
1445
1446
1447
1448
1449
1450
1451
1452
1453
1454
1455
1456
1457
1458
1459
1460
1461
1462
1463
1464
1465
1466
1467
1468
1469
1470
1471
1472
1473
1474
1475
1476
578.4539242158196 535.3774352338364 0
18.76388374866281 537.5000000000001 0
60.86713150502771 547.9668054217635 0
109.3464 548.9562755083612 0
157.9448 548.9562755083612 0
206.5432000000002 548.9562755083612 0
255.1416000000002 548.9562755083613 0
303.7400000000001 548.9562755083613 0
352.3383999999999 548.9562755083613 0
400.9367999999999 548.9562755083612 0
449.5352000000001 548.9562755083612 0
498.1336000000001 548.9562755083612 0
545.4799896577282 546.9781456634283 0
523.0054166666665 526.0667896348929 0
85.13444748362633 526.9875283225531 0
133.7920833333332 526.0667896348929 0
182.4437499999999 526.0667896348929 0
231.0954166666666 526.066789634893 0
279.7470833333334 526.066789634893 0
328.3987500000002 526.066789634893 0
377.050416666667 526.066789634893 0
425.7020833333336 526.0667896348929 0
474.3537499999999 526.0667896348929 0
548.4856673496115 523.8512299548743 0
585.0673986893069 549.6091565134379 0
522.802297451017 550.9667561230455 0
498.5703866666666 522.2179709556294 0
473.9382700000001 552.795868130323 0
449.9293733333334 522.2179709556293 0
425.3292166666668 552.795868130323 0
401.2883600000002 522.2179709556294 0
376.7201633333333 552.7958681303231 0
352.6473466666669 522.2179709556294 0
328.1111100000001 552.7958681303231 0
304.0063333333334 522.2179709556294 0
279.5020566666668 552.7958681303231 0
255.36532 522.2179709556294 0
230.8930033333335 552.795868130323 0
206.7243066666666 522.2179709556294 0
158.0832933333332 522.2179709556294 0
182.2839500000001 552.795868130323 0
109.4410861633919 522.4021186931615 0
133.6748966666667 552.795868130323 0
61.12332244882106 522.0277139273391 0
85.07668271266488 551.9053053167615 0
571.366764561131 519.6506106552739 0
37.98586658878463 525.1842358923785 0
34.44647058525061 550.8858615037446 0
565.7289358973818 549.3350140000201 0
561.9485626712451 534.1054114962532 0
16.1643416690282 554.6641277083259 0
16.16785016421454 520.3297953997534 0
2 6 0 35
1477
1478
1479
1480
1481
1482
1483
1484
1485
1486
1487
1488
1489
1490
1491
1492
1493
1494
1495
1496
1497
1498
1499
1500
1501
1502
1503
1504
1505
1506
1507
1508
1509
1510
1511
628.3329221569426 593.5941357780913 0
663.1119999999999 598.388624723694 0
981.2361162513372 587.5000000000001 0
631.3980085330901 608.9421665006812 0
937.8156250000001 576.5412993873831 0
888.0681250000001 576.5412993873831 0
838.3206250000001 576.5412993873831 0
788.5731250000001 576.5412993873831 0
738.8256250000002 576.5412993873831 0
688.7209495883038 578.1720074819509 0
912.6586666666666 598.388624723694 0
862.7493333333332 598.388624723694 0
713.0213333333332 598.388624723694 0
812.8399999999999 598.388624723694 0
762.9306666666666 598.3886247236941 0
643.1551101548482 601.2776034163921 0
643.8744138735643 585.649649520395 0
660.8317224031896 573.4212393401905 0
625.8114493224068 576.107473208502 0
688.197523250994 602.9898513858677 0
964.837136466844 573.8941591936243 0
960.8342143955292 599.1220956687436 0
713.6943315843275 572.6203863186056 0
937.3070345457725 602.8104039559641 0
738.145925 602.6637097669542 0
788.0228916666666 602.6637097669542 0
763.5456333333335 572.2942446996921 0
837.8998583333333 602.6637097669542 0
813.3255 572.2942446996921 0
887.7768249999999 602.6637097669542 0
863.1053666666668 572.2942446996921 0
912.8852333333334 572.2942446996921 0
640.8742209572687 568.3171543151028 0
983.7581131541976 570.2015601056191 0
983.7468822321566 604.8178924219719 0
2 7 0 25
1512
1513
1514
1515
1516
1517
1518
1519
1520
1521
1522
1523
1524
1525
1526
1527
1528
1529
1530
1531
1532
1533
1534
1535
1536
594.19064 583.5787745407999 0
36.77863251713313 587.3434572109883 0
61.22763875285563 587.3910252791648 0
85.721673125476 587.3737984638608 0
110.2232121875795 587.3470091306434 0
134.7260020312634 587.3198626737739 0
159.229000338544 587.2938933256289 0
183.7320333897575 587.2693567916048 0
208.2350722316265 587.2462956892674 0
232.7381120386047 587.2247171215446 0
257.2411520064344 587.2046222722574 0
17.20579695747267 587.2590953675017 0
281.7441920010727 587.1860113387096 0
306.2472320001791 587.168884353785 0
330.7502720000301 587.1532413229642 0
355.2533120000053 587.1390822471607 0
379.7563520000011 587.1264071265267 0
404.2593920000005 587.1152159610878 0
428.7624320000004 587.105508750848 0
453.2654720000004 587.097285495808 0
477.7685120000003 587.090546195968 0
502.2715520000003 587.085290851328 0
526.7745920000002 587.081519461888 0
551.2776320000002 587.079232027648 0
575.5907120000002 586.7763344280746 0
2 8 0 15
1537
1538
1539
1540
1541
1542
1543
1544
1545
1546
1547
1548
1549
1550
1551
651.6415999999999 641.4121256533333 0
963.3213547149214 637.7398432400753 0
938.942114674709 637.6707550289015 0
914.5080191124514 637.6959638825947 0
890.0647809631862 637.7334538322843 0
865.6200190494199 637.7695555498252 0
841.1750031749032 637.8019908138598 0
982.9091635398356 637.8450330816393 0
816.7299449735948 637.8303799208285 0
792.2848797178212 637.8546595868047 0
767.8398132863034 637.8748192644674 0
743.3947466588282 637.8908571959298 0
718.9496799986936 637.9027730882106 0
694.5046133331156 637.9105668924796 0
670.2543688888525 638.2204487576355 0
2 9 0 1
1552
12.44080000000002 610 0
2 10 0 1
1553
988.008 660 0
2 11 0 0
2 12 0 0
2 13 0 366
1554
1555
1556
1557
1558
1559
1560
1561
1562
1563
1564
1565
1566
1567
1568
1569
1570
1571
1572
1573
1574
1575
1576
1577
1578
1579
1580
1581
1582
1583
1584
1585
1586
1587
1588
1589
1590
1591
1592
1593
1594
1595
1596
1597
1598
1599
1600
1601
1602
1603
1604
1605
1606
1607
1608
1609
1610
1611
1612
1613
1614
1615
1616
1617
1618
1619
1620
1621
1622
1623
1624
1625
1626
1627
1628
1629
1630
1631
1632
1633
1634
1635
1636
1637
1638
1639
1640
1641
1642
1643
1644
1645
1646
1647
1648
1649
1650
1651
1652
1653
1654
1655
1656
1657
1658
1659
1660
1661
1662
1663
1664
1665
1666
1667
1668
1669
1670
1671
1672
1673
1674
1675
1676
1677
1678
1679
1680
1681
1682
1683
1684
1685
1686
1687
1688
1689
1690
1691
1692
1693
1694
1695
1696
1697
1698
1699
1700
1701
1702
1703
1704
1705
1706
1707
1708
1709
1710
1711
1712
1713
1714
1715
1716
1717
1718
1719
1720
1721
1722
1723
1724
1725
1726
1727
1728
1729
1730
1731
1732
1733
1734
1735
1736
1737
1738
1739
1740
1741
1742
1743
1744
1745
1746
1747
1748
1749
1750
1751
1752
1753
1754
1755
1756
1757
1758
1759
1760
1761
1762
1763
1764
1765
1766
1767
1768
1769
1770
1771
1772
1773
1774
1775
1776
1777
1778
1779
1780
1781
1782
1783
1784
1785
1786
1787
1788
1789
1790
1791
1792
1793
1794
1795
1796
1797
1798
1799
1800
1801
1802
1803
1804
1805
1806
1807
1808
1809
1810
1811
1812
1813
1814
1815
1816
1817
1818
1819
1820
1821
1822
1823
1824
1825
1826
1827
1828
1829
1830
1831
1832
1833
1834
1835
1836
1837
1838
1839
1840
1841
1842
1843
1844
1845
1846
1847
1848
1849
1850
1851
1852
1853
1854
1855
1856
1857
1858
1859
1860
1861
1862
1863
1864
1865
1866
1867
1868
1869
1870
1871
1872
1873
1874
1875
1876
1877
1878
1879
1880
1881
1882
1883
1884
1885
1886
1887
1888
1889
1890
1891
1892
1893
1894
1895
1896
1897
1898
1899
1900
1901
1902
1903
1904
1905
1906
1907
1908
1909
1910
1911
1912
1913
1914
1915
1916
1917
1918
1919
156.2556355597073 639.6027717140353 0
254.7665225797901 641.7549028926999 0
348.0076778541285 640.9048319331887 0
442.0931365656171 640.7264991770363 0
523.5428988231515 879.3747079381334 0
207.1792821952643 879.843554784743 0
305.3257995951857 879.4011522753598 0
402.0915814634558 881.8600876592174 0
18.13270304920599 770.7302927692681 0
517.0071652027157 640.7316569595391 0
133.9661978855831 878.905794433213 0
644.9022559046984 735.4443487262308 0
631.6706520210289 662.5269959378825 0
599.7486329401086 877.9043664355053 0
84.22615384615381 640.8405682553787 0
20.20725942163693 701.666666666667 0
670.6447567980408 805.8925852463387 0
85.1862298342657 880.0899448119085 0
450.1462539968143 879.9415749203731 0
353.1689755944658 878.9073923856058 0
254.5932555323868 879.1067839913883 0
565.6011735676564 638.5844590116245 0
300.7963050486312 639.7960383881759 0
204.5975423814273 642.863172169171 0
397.2328057896711 641.7032629922187 0
22.21153686200984 818.1478470166099 0
645.2525249820792 877.4858373655654 0
633.0118135138688 687.1193098560601 0
692.600279971497 885.2424600842307 0
34.33040957543284 881.5005304689575 0
37.21371244525329 642.7532189590671 0
692.6032179938817 850.1140919660603 0
709.4372459478632 886.8966404473629 0
638.4967953239805 710.0567011085703 0
621.8125619024624 727.2232848086605 0
626.1804510185159 751.4082995703524 0
603.9832389686302 742.6744288697096 0
607.4885368245386 767.1260444579663 0
584.3479813928889 759.0042556339658 0
581.0265978337753 731.6688889763705 0
561.7338474766 750.2008363285285 0
565.8069396462648 774.4604462514233 0
543.1461505351078 766.178623692872 0
538.9546666136634 742.4719670163183 0
520.5112714897637 758.0424235645525 0
516.3183788483643 734.3812306727875 0
497.8975743154849 749.8284972754503 0
502.0826063739023 773.5566850807872 0
479.4292227724355 765.3471835707395 0
475.231410426794 741.6010540130968 0
456.7525435935547 757.1108267826581 0
452.5566340417018 733.3486866915111 0
434.0664952833736 748.8686134485962 0
438.2861468874221 772.6558692732738 0
415.5565573947888 764.4039177730285 0
411.3409346531336 740.5945296180747 0
392.8237901953299 756.132049532908 0
397.0323636028243 779.9572604269365 0
374.2975015524706 771.678750472678 0
370.0971346763677 747.8535293985451 0
351.5654128388005 763.3953686591594 0
347.3771321092835 739.5712437641444 0
328.8349724376291 755.1115150309396 0
333.0246564050988 778.9470680942583 0
310.2852110442315 770.6527097013429 0
306.100903150954 746.8119346158417 0
287.5486123055123 762.3537328002307 0
283.3679835869934 738.5276354761413 0
264.8164429752165 754.0635021344525 0
268.9968703116687 777.8908906742989 0
246.2714875012074 769.5834902957773 0
242.0933237995158 745.7693083287094 0
223.5553692948397 761.2797220602088 0
219.3858300413937 737.478022295971 0
200.8806615351128 753.0034386788606 0
205.0432461474255 776.7556016630698 0
182.3892190654363 768.4590127127019 0
178.2507469706594 744.7597321750197 0
159.8050985225657 760.1672689818747 0
155.6805201063008 736.4626731501047 0
137.2319204839164 751.8452253360128 0
141.383358117251 775.5227645008524 0
133.1083129843386 728.0090027072141 0
118.8555587936137 767.2159942195771 0
186.5319252797043 792.2001509509039 0
123.0154798543449 790.8588766579583 0
483.6542602501271 789.0974384193868 0
547.2523883440632 790.0404983310724 0
209.1910973224396 800.5198403506459 0
471.0533878773571 717.831084080105 0
365.9044555685623 724.0385642195898 0
534.775291953927 717.7778023467059 0
569.9520624818917 798.3848451652697 0
343.1998675192823 715.765141774914 0
378.4990623454033 795.5166195934684 0
174.1006358862663 720.9920231634582 0
401.2565273488917 803.8019955771218 0
314.4694500741602 794.5059074179579 0
100.57427759389 782.6250498791195 0
96.47158703843616 759.1212004008061 0
237.9097909020649 721.9745105666329 0
448.3719326430522 709.5847994431622 0
104.6784556979862 806.1774481882294 0
190.647833767656 815.9774878131599 0
127.1422363932772 814.3120035836198 0
551.392953007657 813.9102939502613 0
82.26603167061546 797.9728118091862 0
382.7526890045611 819.2670613182041 0
361.7024820981669 700.2319716737426 0
466.8488091696244 694.080775398744 0
213.3407490470348 824.3046912508705 0
339.0256312250169 691.9695952217028 0
574.1233639103175 822.2888406723805 0
86.36221811119378 821.4911317034406 0
405.496228554568 827.6540230181786 0
555.4684796224369 837.8247480441522 0
532.8257010454507 829.4047502452787 0
489.4830279561154 702.3134862891794 0
215.2224775183596 713.6895811492255 0
233.7571707118474 698.1896163036996 0
211.0676113277963 689.9622971510105 0
485.2699373765463 678.6530170862191 0
506.3896892539279 688.0886216224836 0
384.4049349835529 708.5100231987211 0
301.9276313157777 723.0007089844767 0
279.1815288804277 714.7240737064204 0
297.7366503284038 699.2030515297547 0
275.0215641014952 690.9311549997642 0
424.0458444453278 812.0772982324845 0
337.2222655323091 802.8026963183339 0
318.8917933143956 817.7437491800681 0
295.9356103030558 809.9622061060312 0
250.4209075882745 793.4076535636673 0
342.0478312786066 825.0869089628928 0
592.7524774023636 806.72883387117 0
596.9628497590742 830.6959455235133 0
615.6589830738078 815.0877448028747 0
444.3256557456532 686.0592554977691 0
630.3986557206038 775.5066673301914 0
428.2856125347065 835.9531440547165 0
446.8575362925801 820.3495964907953 0
380.212374138724 684.7239464883817 0
619.8689444532896 839.12379824584 0
301.7017889144067 837.1340517985089 0
277.5716247839791 826.1608418266387 0
63.78164695149638 813.2362319618308 0
68.09933042471926 836.6074721758971 0
59.93762283309871 789.9336711185704 0
194.3786229846482 839.3262203078766 0
172.0439978492709 831.360647067091 0
176.2041415403721 855.3070202799671 0
402.8998730538531 692.9898989936097 0
506.3126213451139 797.3071316290876 0
487.9484873159981 812.6650356152925 0
386.2336115193326 842.2692601005725 0
228.9864355663566 676.0825697678544 0
154.5679332360168 846.4288829427113 0
280.9349723432306 850.0129644428921 0
258.9052710528595 840.4979834427677 0
618.5883052451788 702.8130084768131 0
616.0320901202196 680.6900303186976 0
599.8739664151365 694.8404077396515 0
596.1178030826356 675.4442315053809 0
580.6606196561456 688.5572904595122 0
609.2939414554503 662.6372152919827 0
90.18859039101153 842.9448517720286 0
592.2162645225534 657.1878892420074 0
637.6078053370624 823.6705030573345 0
453.0817954657815 841.5730614336425 0
216.5602523865501 846.5167518955567 0
293.5663093665626 676.344041391838 0
269.7520414862129 664.3664840354134 0
646.491781839902 848.9390426450493 0
660.1171574039449 826.6876936445157 0
399.4230727492945 668.6518833286002 0
376.7783148790223 661.145424543678 0
419.1542683885997 653.9969325162615 0
623.3271506979639 650.5844571459411 0
584.8983837174017 708.3951667148167 0
564.9311720935397 701.477457685352 0
560.7846377433215 681.207916416374 0
534.7438230656627 856.759092684126 0
511.5269615683117 844.0566997129879 0
562.1911609461151 860.7653068582572 0
45.28990071267128 828.1135711417296 0
51.67878371702983 851.4394831303092 0
26.72859382756337 843.9190129350192 0
543.0683667202607 694.4183260627326 0
541.0547967917938 672.2790272792536 0
623.1443201225122 863.4251965731382 0
664.2979772273908 863.7633428771969 0
433.6053940204906 859.7956224263404 0
504.6770111247533 662.8678188580044 0
479.3425850627609 656.7171718156571 0
541.453846153846 640.8405682553787 0
41.0943758973354 804.6334438874962 0
206.6936578338378 667.7216247085614 0
188.3939930464033 681.9508246680111 0
184.5813732045537 658.4187549924288 0
166.6902176403719 674.5022432895715 0
157.7182053355244 872.6263417421129 0
510.9353180086404 710.7661846021189 0
493.4865162387927 726.1202561554563 0
556.2696728555911 728.4927975547807 0
170.1036242989737 697.3977290507121 0
147.5591620116133 689.0571157896638 0
145.2813653940156 662.2692969097266 0
125.1977469592399 680.121709806312 0
118.2762213178429 658.1958906461032 0
101.7987128015105 673.2035736086675 0
106.4602021995593 696.0362302812725 0
83.90126222968047 687.9143930049881 0
88.09495278452579 711.2618004290049 0
65.70580799688855 703.0582178783519 0
69.87607240012841 726.6535050762716 0
61.33517016419705 680.3578158923576 0
42.49980352944675 717.3233224720141 0
50.99991879524072 741.6294350739574 0
32.13871809619451 736.394052630127 0
92.29992286998475 735.1785383953912 0
57.33359889705713 876.302039941203 0
78.19757919964769 774.5086214514614 0
56.09550775323925 765.7949198174832 0
73.99009800944617 750.4810367025618 0
114.7876900987094 743.5182665040568 0
110.6215652940085 719.697512601846 0
62.91423215143476 641.3841705686337 0
151.5717220129774 712.634599844792 0
109.6049932189063 880.0651238138494 0
121.787537849143 857.9413263983748 0
650.3610972367105 758.1762223228501 0
655.522480304925 784.6572847196448 0
41.86642624779319 692.8667079915159 0
38.96675108660867 668.2864945374286 0
425.704833203425 701.3294892544799 0
252.3862595178751 682.6321113936636 0
316.3948692092406 683.9848575319102 0
600.9306734173226 854.4493054710672 0
407.1404029520546 716.8042741872558 0
320.4903717745732 707.5366604497469 0
336.5812210281751 664.6261156161906 0
163.9236501972321 783.8319385685397 0
167.998952932928 807.5702450636484 0
192.5982489674185 705.5463785816737 0
256.4808960612208 706.4509306289538 0
357.4503064610313 676.3833448189469 0
328.9686918254168 878.9958311462218 0
339.5632790227129 859.0615291630052 0
365.6541748276538 856.9714183216934 0
377.6197938399722 880.1332762487573 0
316.6685331662274 857.8333584575165 0
231.404434049023 878.9105714667722 0
280.4285569006965 875.701530889889 0
442.5294389215454 796.4613943959889 0
183.825713474571 878.0869263855921 0
499.3108194400876 880.0242028415392 0
475.410493461475 879.5671799191408 0
489.3527782009513 858.131645784537 0
324.6551463845833 731.2995341033438 0
260.629062253615 730.2541168035418 0
429.8635387961235 725.0883987738466 0
254.641626452316 817.2119800170792 0
129.0864519102895 704.2593618385167 0
196.7397668198684 729.2448626740347 0
388.6079820780031 732.3139599679363 0
231.0647325510884 640.6895639339399 0
276.7430769230768 640.8405682553787 0
324.6502492935306 641.009527460189 0
419.7844797668 788.2262892798057 0
291.73483226597 786.1809635926124 0
355.7633482456677 787.2371430780516 0
78.52386654263273 663.1785337510846 0
409.7682570120643 849.4445991796086 0
227.7266429922925 785.0639408926282 0
273.2169119508774 801.8024226300546 0
578.547953321463 845.7794055735872 0
360.112781664355 810.6939699815794 0
524.6847269621491 781.7048935286699 0
460.9855359841936 780.8823328395749 0
462.2749624891558 672.1062376815927 0
149.7622339947749 822.6319848718615 0
231.8675024400434 808.839309755022 0
145.5376519149681 799.1213022077467 0
470.1811110135829 826.6133370126821 0
422.0809648644733 677.7133034258821 0
107.9370664231068 828.1962287890084 0
465.3593949630045 804.3448557956201 0
588.6199874903239 782.8193654705556 0
235.9112132915484 832.6457566585664 0
528.8566090732422 805.5134436036458 0
611.493084891475 791.1603049152116 0
633.6634997249585 799.820313712986 0
510.0015529306904 820.7313232642166 0
240.1586256517435 857.7446135152188 0
19.8620325290741 794.7783835076187 0
670.9864321722525 882.5177381560474 0
364.3914935795823 834.2533906185256 0
310.8829002417912 660.4616576856682 0
557.6337503297095 658.9363357047228 0
577.5165979875324 669.3807291177687 0
129.9576829631186 839.6789554663974 0
74.993185381111 858.4729115118243 0
491.6184928401427 834.9802439046557 0
19.05172362728013 865.0000000000001 0
441.0190921073671 663.4676752363039 0
18.71327441948887 655.7407424884655 0
605.2073093044683 643.4721376177426 0
572.9278957887498 880.4538804848322 0
601.6971756804307 717.9358642643369 0
18.4972062203716 678.3333333333335 0
38.22556577372086 780.1243464422199 0
34.94044926285608 756.5127693087271 0
371.9436067427064 639.5410112703728 0
586.3822972486265 638.7379126696702 0
547.261137251171 879.7511613329474 0
107.3788210302255 639.3596593279094 0
701.9667826220432 870.549157951499 0
425.6037113994645 881.5886785596247 0
132.6729681287655 639.8354267373505 0
244.3523657569014 660.8835372158453 0
493.3772200584335 639.7672866672234 0
468.3696072035244 638.5143004977519 0
462.8325035727581 860.673208274331 0
179.8816318002464 638.0355889611728 0
525.0878654229147 659.8850239132056 0
682.2938638429043 828.0453873589274 0
198.6843834061964 860.8053163289146 0
326.9143873558409 839.4621008194067 0
55.79074647802531 659.1920467417143 0
622.0754989603849 883.7630800748418 0
16.42490936447786 747.4925668446631 0
263.7426086056978 860.6248379513145 0
616.6317452626935 633.2029047243796 0
683.277857956939 867.4424248239122 0
631.4691462065653 672.1124112703833 0
524.2298818809453 696.9139164109322 0
391.9007939228399 863.0903868766823 0
98.04684654337694 861.7877899998708 0
288.7753846153846 656.3649149947194 0
297.2660355526471 860.484263322226 0
421.130769230769 634.8589517738895 0
511.5085182056442 864.0253223321457 0
140.3454734357535 860.5302174311116 0
651.2999890218771 808.8393774526595 0
17.89124063260482 722.701983315623 0
575.8700167312156 652.5654651491587 0
357.5460783098671 657.569432728628 0
584.5932133680769 864.1021045266698 0
17.05734317372293 636.8491900732799 0
15.54792474547293 884.6334394271249 0
96.04151722863 654.9918519649391 0
622.3585961002456 665.7102219929774 0
551.5507823700584 711.5046151665799 0
524.084601865766 679.075455691102 0
222.7914647383147 657.8216142219391 0
166.5763886597235 655.5418157732697 0
570.1387497596337 717.2552169862365 0
219.2241026550612 865.8970438929964 0
107.8987846357305 847.2144523158904 0
456.8847015343355 653.8748453265947 0
541.307564674566 657.9852387881401 0
672.1713072637332 845.7149425046571 0
348.9925173448722 842.3707180263343 0
474.6749206961407 844.7984356138538 0
37.25020566183429 863.1283471418903 0
414.5710867679374 867.7320293204959 0
2 14 0 136
1920
1921
1922
1923
1924
1925
1926
1927
1928
1929
1930
1931
1932
1933
1934
1935
1936
1937
1938
1939
1940
1941
1942
1943
1944
1945
1946
1947
1948
1949
1950
1951
1952
1953
1954
1955
1956
1957
1958
1959
1960
1961
1962
1963
1964
1965
1966
1967
1968
1969
1970
1971
1972
1973
1974
1975
1976
1977
1978
1979
1980
1981
1982
1983
1984
1985
1986
1987
1988
1989
1990
1991
1992
1993
1994
1995
1996
1997
1998
1999
2000
2001
2002
2003
2004
2005
2006
2007
2008
2009
2010
2011
2012
2013
2014
2015
2016
2017
2018
2019
2020
2021
2022
2023
2024
2025
2026
2027
2028
2029
2030
2031
2032
2033
2034
2035
2036
2037
2038
2039
2040
2041
2042
2043
2044
2045
2046
2047
2048
2049
2050
2051
2052
2053
2054
2055
869.7284452564062 689.4188236213671 0
718.1667440941725 811.932114478371 0
980.6273558619546 796.5000000000002 0
838.2579956660458 878.6170468291219 0
799.2861769571597 689.1550492330755 0
730.1731026948927 860.7238890190215 0
912.7813091842694 878.4936694439856 0
786.0501730361646 882.5716218703776 0
701.7935954933441 768.306296270919 0
915.4674835269498 689.3432831077278 0
981.3651972745866 751.5401543656786 0
749.1867601660151 690.1450059297275 0
981.3787734257667 842.5704857734153 0
682.844311013026 721.6019947018715 0
963.9020882496488 691.2527746178114 0
745.5001754436196 887.9586831793955 0
963.4276790154705 877.0424314478627 0
703.2333333333333 690.560597786381 0
731.8419249761694 878.9458293176365 0
751.1728515467092 869.4037963900204 0
746.7961991009232 846.6898913918016 0
768.2224745780131 854.5008705034612 0
765.1797547880595 832.2774218851091 0
786.9099773190037 841.8561957994044 0
784.4011641493857 818.7463439711278 0
806.3243532854513 828.9514776629655 0
804.2914366273975 804.9941943718675 0
826.1546924741227 815.3360872712746 0
824.1305451456647 791.1328653950081 0
845.9857450204696 801.5809842961831 0
802.2236858384945 780.6361775546557 0
843.9205353308982 777.368104888368 0
865.5899907919245 787.6446711387368 0
870.7123248141562 814.5659522633971 0
887.5308034260154 798.1697009265577 0
885.2940708272683 774.0411640360711 0
907.0532279906411 784.4386567710065 0
909.6292728085003 807.6417275577584 0
904.8458737911882 760.429604752708 0
882.9707141576 749.6898836988627 0
926.523909424417 770.8028449032403 0
924.3284921302325 746.9244543956708 0
762.5814241143654 808.5814411916292 0
828.0936054024079 839.5033169896569 0
944.6902280434491 756.6074193756333 0
943.0500309850959 733.7106988235078 0
946.6592258693263 779.051594858986 0
922.7599941712622 724.0363730065432 0
942.6164017650683 710.5087415076682 0
963.4039890012069 720.4323920475759 0
679.2618029891539 695.575212959523 0
764.2443212450197 885.1333066592352 0
742.7936734450445 822.4175424472631 0
740.1939113800015 798.1962398287976 0
760.4627058029153 784.3195000031724 0
739.2970059759716 773.914273869251 0
758.4914131555806 760.042161551983 0
737.4618789928112 749.6887975444912 0
756.6540144323812 736.0988878455994 0
778.262003002925 746.1186611470846 0
735.564296300059 726.7150312245039 0
776.1497619930556 722.098257038076 0
797.7086640391614 732.7981847856443 0
714.5404659331729 740.9249575675722 0
720.5197332412763 784.8676137378687 0
714.4912294527056 714.1283835978621 0
810.878888226316 876.5475621749946 0
800.0546275383963 756.4014457063537 0
819.6515928337997 742.5033843542637 0
816.3603321364394 720.5547861174412 0
839.0687368741552 728.9575000954778 0
831.7320621017826 707.2962219356527 0
858.6736415286138 713.2054538979995 0
860.9934679114069 738.667425689969 0
881.1036454625317 725.6754992121128 0
937.7723915577789 878.325897519838 0
925.3118217903238 857.1513948719471 0
900.7266943088102 856.9931770541211 0
911.9230412260118 832.3375187065437 0
937.5883592656429 836.1566722681312 0
887.1506932941969 835.5933273454098 0
876.3495066072094 856.4459791088836 0
821.8898242336716 766.7284051978265 0
948.5784739524793 855.6832184580451 0
928.2102386954064 793.7436761824526 0
948.609404902552 802.4006190282588 0
888.0242303535135 878.2021711562013 0
863.1627384206844 877.5832175365239 0
849.7774342094747 853.5250210943901 0
863.1995352071285 763.0923640570879 0
780.3784322315022 770.3962217731749 0
847.9522391333813 826.8542716661212 0
902.1963727644339 735.7433570200512 0
903.0654381540635 710.8968007230383 0
782.3898081273435 794.6123131442713 0
774.7293372947942 695.116604936391 0
808.4419917806226 851.3768151600998 0
726.3295235024502 690.2609350924473 0
981.5272883646026 819.5117476289028 0
980.7811164716493 773.6248487167866 0
841.4539487318434 752.8861973804989 0
725.4603153279789 838.8121380308751 0
960.7246519309672 832.490241960531 0
893.164 689.726498554346 0
982.516906896567 864.7733868957754 0
755.1400762667772 713.0172167648902 0
982.1054447257031 705.9159610968226 0
691.1810492165464 743.6680119969712 0
821.4090858841827 688.2766814856554 0
939.6950976288178 688.8480654919821 0
929.2908308572682 816.155868550434 0
866.3884396116837 837.3969102956404 0
981.3286773018126 729.5190131327761 0
794.4279190138849 711.4007055889679 0
733.4786805664199 891.3455195970516 0
963.0040064207551 742.470838775444 0
845.6300483408671 687.2680434251756 0
827.3460412139636 860.0653561596953 0
722.7225359273152 763.5403877980204 0
881.147034080323 705.7846152017727 0
964.0167089870996 763.6350540478938 0
737.1164847293138 706.7316232407131 0
892.3773293346039 816.9640840602435 0
789.9216463053206 862.0843026433047 0
983.0085715300049 686.9782246623664 0
965.2171338374985 786.1234793071367 0
983.6098732938317 883.6854457148446 0
924.8785686500013 705.8624876847207 0
965.3959101174601 808.8611538141436 0
967.3252970442501 854.5119529071259 0
696.4521397006524 708.1953296545969 0
773.7806735896161 870.8657385156177 0
947.1710609135826 820.13772898807 0
810.8660802780565 703.2430475303314 0
700.5462899664628 727.4486988379896 0
702.8234063461085 793.102833680512 0
$EndNodes
$Elements
58 4395 1 4395
0 1 15 1
1 1 
0 2 15 1
2 2 
1 1 1 18
3 1 31 
4 31 32 
5 32 33 
6 33 34 
7 34 35 
8 35 36 
9 36 37 
10 37 38 
11 38 39 
12 39 40 
13 40 41 
14 41 42 
15 42 43 
16 43 44 
17 44 45 
18 45 46 
19 46 47 
20 47 29 
1 2 1 26
21 29 48 
22 48 49 
23 49 50 
24 50 51 
25 51 52 
26 52 53 
27 53 54 
28 54 55 
29 55 56 
30 56 57 
31 57 58 
32 58 59 
33 59 60 
34 60 61 
35 61 62 
36 62 63 
37 63 64 
38 64 65 
39 65 66 
40 66 67 
41 67 68 
42 68 69 
43 69 70 
44 70 71 
45 71 72 
46 72 2 
1 3 1 21
47 3 73 
48 73 74 
49 74 75 
50 75 76 
51 76 77 
52 77 78 
53 78 79 
54 79 80 
55 80 81 
56 81 82 
57 82 83 
58 83 84 
59 84 85 
60 85 86 
61 86 87 
62 87 88 
63 88 89 
64 89 90 
65 90 91 
66 91 92 
67 92 4 
1 4 1 19
68 5 93 
69 93 94 
70 94 95 
71 95 96 
72 96 97 
73 97 98 
74 98 99 
75 99 100 
76 100 101 
77 101 102 
78 102 103 
79 103 104 
80 104 105 
81 105 106 
82 106 107 
83 107 108 
84 108 109 
85 109 110 
86 110 6 
1 5 1 24
87 7 111 
88 111 112 
89 112 113 
90 113 114 
91 114 115 
92 115 116 
93 116 117 
94 117 118 
95 118 119 
96 119 120 
97 120 121 
98 121 122 
99 122 123 
100 123 124 
101 124 125 
102 125 126 
103 126 127 
104 127 128 
105 128 129 
106 129 130 
107 130 131 
108 131 132 
109 132 133 
110 133 8 
1 6 1 16
111 9 134 
112 134 135 
113 135 136 
114 136 137 
115 137 138 
116 138 139 
117 139 140 
118 140 141 
119 141 142 
120 142 143 
121 143 144 
122 144 145 
123 145 146 
124 146 147 
125 147 148 
126 148 10 
1 7 1 25
127 11 149 
128 149 150 
129 150 151 
130 151 152 
131 152 153 
132 153 154 
133 154 155 
134 155 156 
135 156 157 
136 157 158 
137 158 159 
138 159 160 
139 160 161 
140 161 162 
141 162 163 
142 163 164 
143 164 165 
144 165 166 
145 166 167 
146 167 168 
147 168 169 
148 169 170 
149 170 171 
150 171 172 
151 172 12 
1 8 1 15
152 13 173 
153 173 174 
154 174 175 
155 175 176 
156 176 177 
157 177 178 
158 178 179 
159 179 180 
160 180 181 
161 181 182 
162 182 183 
163 183 184 
164 184 185 
165 185 186 
166 186 14 
1 9 1 25
167 15 187 
168 187 188 
169 188 189 
170 189 190 
171 190 191 
172 191 192 
173 192 193 
174 193 194 
175 194 195 
176 195 196 
177 196 197 
178 197 198 
179 198 199 
180 199 200 
181 200 201 
182 201 202 
183 202 203 
184 203 204 
185 204 205 
186 205 206 
187 206 207 
188 207 208 
189 208 209 
190 209 210 
191 210 16 
1 10 1 15
192 17 211 
193 211 212 
194 212 213 
195 213 214 
196 214 215 
197 215 216 
198 216 217 
199 217 218 
200 218 219 
201 219 220 
202 220 221 
203 221 222 
204 222 223 
205 223 224 
206 224 18 
1 11 1 25
207 19 225 
208 225 226 
209 226 227 
210 227 228 
211 228 229 
212 229 230 
213 230 231 
214 231 232 
215 232 233 
216 233 234 
217 234 235 
218 235 236 
219 236 237 
220 237 238 
221 238 239 
222 239 240 
223 240 241 
224 241 242 
225 242 243 
226 243 244 
227 244 245 
228 245 246 
229 246 247 
230 247 248 
231 248 20 
1 12 1 15
232 21 249 
233 249 250 
234 250 251 
235 251 252 
236 252 253 
237 253 254 
238 254 255 
239 255 256 
240 256 257 
241 257 258 
242 258 259 
243 259 260 
244 260 261 
245 261 262 
246 262 22 
1 13 1 26
247 23 263 
248 263 264 
249 264 265 
250 265 266 
251 266 267 
252 267 268 
253 268 269 
254 269 270 
255 270 271 
256 271 272 
257 272 273 
258 273 274 
259 274 275 
260 275 276 
261 276 277 
262 277 278 
263 278 279 
264 279 280 
265 280 281 
266 281 282 
267 282 283 
268 283 284 
269 284 285 
270 285 286 
271 286 287 
272 287 24 
1 14 1 15
273 25 288 
274 288 289 
275 289 290 
276 290 291 
277 291 292 
278 292 293 
279 293 294 
280 294 295 
281 295 296 
282 296 297 
283 297 298 
284 298 299 
285 299 300 
286 300 301 
287 301 26 
1 15 1 31
288 27 302 
289 302 303 
290 303 304 
291 304 305 
292 305 306 
293 306 307 
294 307 308 
295 308 309 
296 309 310 
297 310 311 
298 311 312 
299 312 313 
300 313 314 
301 314 315 
302 315 316 
303 316 317 
304 317 318 
305 318 319 
306 319 320 
307 320 321 
308 321 322 
309 322 323 
310 323 324 
311 324 325 
312 325 326 
313 326 327 
314 327 328 
315 328 329 
316 329 330 
317 330 331 
318 331 30 
1 16 1 12
319 30 332 
320 332 333 
321 333 334 
322 334 335 
323 335 336 
324 336 337 
325 337 338 
326 338 339 
327 339 340 
328 340 341 
329 341 342 
330 342 28 
1 17 1 13
331 1 343 
332 343 344 
333 344 345 
334 345 346 
335 346 347 
336 347 348 
337 348 349 
338 349 350 
339 350 351 
340 351 352 
341 352 353 
342 353 354 
343 354 3 
1 18 1 8
344 3 355 
345 355 356 
346 356 357 
347 357 358 
348 358 359 
349 359 360 
350 360 361 
351 361 7 
1 19 1 3
352 7 362 
353 362 363 
354 363 11 
1 20 1 2
355 11 364 
356 364 15 
1 21 1 1
357 15 19 
1 22 1 1
358 19 23 
1 23 1 12
359 23 365 
360 365 366 
361 366 367 
362 367 368 
363 368 369 
364 369 370 
365 370 371 
366 371 372 
367 372 373 
368 373 374 
369 374 375 
370 375 27 
1 24 1 15
371 2 376 
372 376 377 
373 377 378 
374 378 379 
375 379 380 
376 380 381 
377 381 382 
378 382 383 
379 383 384 
380 384 385 
381 385 386 
382 386 387 
383 387 388 
384 388 389 
385 389 5 
1 25 1 8
386 5 390 
387 390 391 
388 391 392 
389 392 393 
390 393 394 
391 394 395 
392 395 396 
393 396 9 
1 26 1 3
394 9 397 
395 397 398 
396 398 13 
1 27 1 2
397 13 399 
398 399 17 
1 28 1 1
399 17 21 
1 29 1 1
400 21 25 
1 30 1 10
401 25 400 
402 400 401 
403 401 402 
404 402 403 
405 403 404 
406 404 405 
407 405 406 
408 406 407 
409 407 408 
410 408 28 
1 100 1 15
411 29 409 
412 409 410 
413 410 411 
414 411 412 
415 412 413 
416 413 414 
417 414 415 
418 415 416 
419 416 417 
420 417 418 
421 418 419 
422 419 420 
423 420 421 
424 421 422 
425 422 4 
1 101 1 3
426 4 423 
427 423 424 
428 424 6 
1 102 1 7
429 6 425 
430 425 426 
431 426 427 
432 427 428 
433 428 429 
434 429 430 
435 430 8 
1 103 1 3
436 8 431 
437 431 432 
438 432 10 
1 104 1 1
439 10 12 
1 105 1 2
440 12 433 
441 433 16 
1 106 1 1
442 16 20 
1 107 1 1
443 20 14 
1 108 1 2
444 14 434 
445 434 18 
1 109 1 1
446 18 22 
1 110 1 1
447 22 26 
1 111 1 11
448 26 435 
449 435 436 
450 436 437 
451 437 438 
452 438 439 
453 439 440 
454 440 441 
455 441 442 
456 442 443 
457 443 444 
458 444 30 
2 1 2 601
459 594 670 587 
460 454 670 594 
461 421 469 422 
462 604 629 459 
463 575 618 446 
464 345 599 344 
465 646 660 451 
466 446 676 575 
467 421 581 469 
468 354 603 353 
469 580 599 458 
470 458 598 580 
471 459 629 593 
472 579 599 580 
473 609 634 574 
474 354 699 603 
475 422 469 92 
476 579 702 599 
477 634 705 574 
478 565 638 633 
479 549 614 612 
480 458 599 345 
481 344 599 468 
482 562 660 646 
483 515 615 614 
484 624 646 451 
485 604 710 629 
486 461 662 576 
487 621 653 550 
488 464 579 578 
489 562 677 619 
490 448 683 576 
491 576 705 448 
492 575 676 593 
493 411 592 455 
494 586 594 587 
495 576 683 461 
496 549 692 614 
497 565 674 638 
498 471 592 463 
499 672 681 347 
500 420 581 421 
501 448 705 634 
502 422 92 4 
503 466 581 420 
504 676 698 593 
505 587 670 462 
506 557 710 605 
507 520 649 588 
508 629 710 557 
509 605 693 557 
510 558 677 562 
511 470 471 463 
512 460 634 609 
513 454 594 590 
514 464 702 579 
515 515 685 615 
516 659 669 460 
517 462 686 587 
518 578 673 464 
519 530 659 609 
520 550 667 621 
521 460 669 44 
522 466 582 581 
523 571 681 672 
524 621 709 653 
525 586 694 594 
526 577 690 449 
527 530 609 608 
528 619 660 562 
529 411 455 412 
530 596 644 608 
531 509 654 596 
532 608 644 530 
533 590 678 454 
534 592 704 455 
535 596 654 644 
536 471 704 592 
537 609 659 460 
538 509 596 595 
539 597 686 462 
540 414 611 450 
541 45 465 46 
542 469 597 91 
543 611 612 450 
544 671 702 464 
545 595 628 509 
546 463 682 470 
547 77 660 619 
548 466 583 582 
549 564 642 600 
550 456 605 601 
551 598 606 580 
552 413 611 414 
553 602 603 467 
554 410 592 411 
555 456 601 75 
556 485 628 487 
557 458 681 598 
558 601 605 602 
559 92 469 91 
560 602 604 603 
561 600 642 534 
562 449 627 81 
563 90 597 462 
564 601 602 467 
565 561 607 606 
566 631 635 504 
567 511 607 521 
568 74 467 73 
569 74 601 467 
570 561 606 598 
571 509 628 485 
572 504 635 630 
573 76 619 456 
574 521 607 561 
575 91 597 90 
576 82 622 449 
577 623 624 451 
578 495 630 531 
579 506 617 496 
580 487 628 504 
581 585 589 588 
582 567 606 525 
583 628 631 504 
584 560 618 527 
585 79 623 451 
586 81 627 80 
587 573 608 574 
588 580 606 567 
589 647 652 545 
590 595 631 628 
591 452 621 620 
592 608 609 574 
593 513 607 511 
594 90 462 89 
595 625 626 624 
596 637 642 563 
597 88 454 87 
598 76 456 75 
599 630 635 531 
600 563 642 564 
601 534 642 532 
602 596 608 573 
603 637 643 617 
604 491 630 495 
605 540 575 552 
606 561 571 560 
607 540 618 575 
608 623 625 624 
609 503 652 647 
610 452 620 84 
611 77 619 76 
612 579 580 567 
613 521 560 527 
614 527 618 540 
615 638 674 447 
616 498 502 500 
617 538 573 572 
618 511 521 512 
619 75 601 74 
620 85 452 84 
621 563 643 637 
622 79 451 78 
623 508 511 505 
624 573 574 572 
625 606 607 525 
626 532 637 506 
627 502 505 500 
628 506 637 617 
629 496 617 498 
630 495 496 494 
631 498 500 499 
632 43 460 44 
633 620 622 83 
634 595 596 573 
635 80 623 79 
636 491 495 494 
637 521 561 560 
638 511 512 505 
639 524 525 513 
640 575 593 552 
641 521 527 512 
642 612 613 450 
643 561 598 571 
644 566 567 525 
645 83 622 82 
646 495 506 496 
647 32 464 33 
648 502 508 505 
649 508 513 511 
650 525 607 513 
651 496 498 497 
652 500 639 501 
653 614 692 515 
654 578 579 567 
655 524 566 525 
656 531 532 506 
657 512 639 505 
658 532 642 637 
659 84 620 83 
660 82 449 81 
661 538 595 573 
662 495 531 506 
663 524 632 566 
664 536 538 537 
665 570 600 534 
666 538 572 537 
667 531 533 532 
668 80 627 623 
669 500 501 499 
670 533 534 532 
671 535 570 534 
672 487 504 489 
673 491 494 493 
674 533 535 534 
675 536 537 535 
676 34 453 35 
677 539 639 512 
678 533 536 535 
679 572 576 537 
680 514 524 513 
681 453 633 35 
682 566 578 567 
683 565 632 526 
684 498 617 502 
685 536 631 538 
686 526 632 524 
687 585 588 586 
688 527 540 539 
689 559 568 556 
690 564 565 526 
691 489 630 491 
692 504 630 489 
693 448 634 42 
694 533 635 536 
695 538 631 595 
696 536 635 631 
697 496 497 494 
698 531 635 533 
699 35 633 36 
700 43 634 460 
701 583 585 584 
702 36 638 37 
703 505 639 500 
704 498 499 497 
705 508 514 513 
706 449 703 577 
707 514 526 524 
708 633 638 36 
709 42 634 43 
710 610 611 413 
711 518 520 516 
712 527 539 512 
713 507 650 648 
714 483 509 485 
715 617 643 502 
716 477 636 475 
717 563 564 526 
718 489 491 490 
719 540 552 541 
720 546 547 545 
721 623 627 625 
722 37 638 447 
723 37 447 38 
724 39 461 40 
725 38 640 39 
726 41 448 42 
727 497 648 494 
728 598 681 571 
729 514 563 526 
730 549 636 477 
731 615 616 613 
732 648 650 542 
733 346 458 345 
734 559 569 568 
735 479 549 477 
736 543 545 510 
737 590 594 529 
738 612 614 613 
739 545 652 510 
740 502 643 508 
741 492 515 481 
742 519 548 523 
743 528 529 522 
744 491 493 490 
745 415 645 416 
746 583 584 582 
747 517 641 519 
748 487 489 488 
749 519 641 548 
750 344 468 343 
751 39 640 461 
752 447 640 38 
753 508 643 514 
754 414 450 415 
755 494 648 493 
756 518 649 520 
757 514 643 563 
758 547 647 545 
759 553 629 557 
760 483 654 509 
761 493 542 510 
762 489 490 488 
763 546 551 547 
764 543 546 545 
765 542 544 543 
766 485 487 486 
767 507 648 497 
768 349 446 348 
769 493 510 490 
770 593 629 552 
771 559 646 569 
772 540 541 539 
773 679 680 616 
774 585 586 584 
775 553 557 555 
776 639 656 501 
777 548 550 523 
778 542 543 510 
779 499 507 497 
780 474 659 530 
781 483 485 484 
782 529 649 522 
783 546 577 551 
784 480 483 482 
785 488 503 486 
786 417 457 418 
787 614 615 613 
788 487 488 486 
789 542 650 544 
790 528 590 529 
791 558 559 556 
792 492 516 515 
793 493 648 542 
794 478 479 477 
795 552 553 541 
796 485 486 484 
797 517 655 641 
798 480 481 479 
799 528 591 590 
800 478 480 479 
801 450 645 415 
802 519 523 522 
803 476 644 478 
804 616 645 613 
805 523 528 522 
806 558 562 559 
807 555 556 554 
808 519 522 518 
809 482 492 481 
810 553 554 541 
811 517 519 518 
812 480 482 481 
813 483 484 482 
814 562 646 559 
815 476 478 477 
816 352 459 351 
817 492 517 516 
818 552 629 553 
819 517 518 516 
820 553 555 554 
821 613 645 450 
822 544 651 543 
823 656 661 501 
824 555 558 556 
825 522 649 518 
826 510 652 490 
827 419 466 420 
828 490 652 488 
829 543 651 546 
830 546 651 577 
831 488 652 503 
832 550 653 523 
833 476 477 475 
834 586 587 584 
835 535 662 570 
836 528 653 591 
837 523 653 528 
838 78 660 77 
839 576 662 537 
840 478 654 480 
841 539 656 639 
842 645 657 416 
843 568 661 556 
844 480 654 483 
845 644 654 478 
846 484 655 482 
847 482 655 492 
848 530 644 476 
849 416 657 417 
850 474 530 476 
851 492 655 517 
852 417 657 457 
853 554 656 541 
854 554 661 656 
855 412 610 413 
856 541 656 539 
857 503 658 486 
858 616 657 645 
859 588 707 520 
860 655 658 641 
861 663 665 507 
862 474 476 475 
863 593 698 459 
864 484 658 655 
865 499 663 507 
866 409 463 410 
867 486 658 484 
868 451 660 78 
869 503 664 658 
870 568 663 661 
871 537 662 535 
872 633 706 565 
873 556 661 554 
874 44 669 45 
875 636 697 610 
876 46 470 47 
877 501 663 499 
878 658 664 641 
879 661 663 501 
880 568 665 663 
881 597 713 686 
882 647 664 503 
883 462 670 89 
884 88 670 454 
885 641 664 548 
886 569 665 568 
887 507 665 650 
888 474 475 473 
889 466 668 583 
890 647 666 664 
891 664 666 548 
892 457 668 418 
893 472 659 474 
894 31 671 32 
895 419 668 466 
896 651 690 577 
897 547 667 666 
898 547 666 647 
899 544 689 626 
900 551 667 547 
901 548 666 550 
902 464 673 33 
903 666 667 550 
904 581 713 469 
905 34 673 453 
906 348 672 347 
907 585 675 589 
908 452 709 621 
909 674 691 447 
910 564 674 565 
911 619 677 456 
912 418 668 419 
913 610 695 636 
914 454 678 87 
915 349 676 446 
916 589 680 679 
917 73 699 3 
918 3 699 354 
919 89 670 88 
920 651 711 690 
921 610 697 611 
922 347 681 346 
923 32 671 464 
924 469 713 597 
925 620 684 622 
926 457 675 668 
927 472 474 473 
928 675 680 589 
929 603 699 467 
930 41 683 448 
931 461 683 40 
932 472 669 659 
933 455 610 412 
934 449 690 627 
935 465 470 46 
936 600 674 564 
937 459 688 604 
938 516 685 515 
939 33 673 34 
940 446 672 348 
941 632 687 566 
942 591 678 590 
943 616 680 657 
944 594 694 529 
945 650 689 544 
946 605 710 602 
947 515 692 481 
948 85 696 452 
949 479 692 549 
950 571 700 560 
951 475 695 473 
952 587 686 584 
953 626 711 544 
954 583 675 585 
955 603 688 353 
956 599 702 468 
957 668 675 583 
958 572 705 576 
959 1 701 31 
960 695 704 473 
961 343 701 1 
962 459 698 351 
963 618 700 446 
964 673 687 453 
965 350 676 349 
966 455 695 610 
967 456 677 605 
968 472 473 471 
969 565 706 632 
970 87 678 86 
971 470 682 47 
972 457 680 675 
973 615 679 616 
974 591 696 678 
975 685 707 679 
976 672 700 571 
977 409 682 463 
978 600 691 674 
979 569 689 665 
980 657 680 457 
981 684 703 622 
982 622 703 449 
983 346 681 458 
984 352 688 459 
985 447 691 640 
986 473 704 471 
987 551 684 667 
988 578 687 673 
989 353 688 352 
990 544 711 651 
991 667 684 621 
992 465 471 470 
993 557 693 555 
994 649 694 588 
995 621 684 620 
996 40 683 41 
997 350 698 676 
998 569 708 689 
999 612 697 549 
1000 678 696 86 
1001 632 706 687 
1002 691 712 640 
1003 555 693 558 
1004 588 694 586 
1005 520 707 685 
1006 520 685 516 
1007 615 685 679 
1008 696 709 452 
1009 604 688 603 
1010 584 686 582 
1011 566 687 578 
1012 624 708 646 
1013 465 472 471 
1014 549 697 636 
1015 627 690 625 
1016 570 691 600 
1017 465 669 472 
1018 481 692 479 
1019 646 708 569 
1020 45 669 465 
1021 665 689 650 
1022 31 701 671 
1023 636 695 475 
1024 589 707 588 
1025 570 712 691 
1026 529 694 649 
1027 611 697 612 
1028 47 682 29 
1029 86 696 85 
1030 467 699 73 
1031 29 682 409 
1032 351 698 350 
1033 690 711 625 
1034 560 700 618 
1035 640 712 461 
1036 689 708 626 
1037 551 703 684 
1038 558 693 677 
1039 468 701 343 
1040 455 704 695 
1041 461 712 662 
1042 577 703 551 
1043 582 713 581 
1044 686 713 582 
1045 574 705 572 
1046 453 706 633 
1047 626 708 624 
1048 625 711 626 
1049 671 701 468 
1050 602 710 604 
1051 662 712 570 
1052 446 700 672 
1053 653 709 591 
1054 463 592 410 
1055 468 702 671 
1056 677 693 605 
1057 687 706 453 
1058 679 707 589 
1059 591 709 696 
2 2 2 792
1060 416 912 415 
1061 918 1020 994 
1062 959 1062 918 
1063 726 966 885 
1064 6 932 424 
1065 889 959 918 
1066 994 1020 740 
1067 723 890 888 
1068 733 917 889 
1069 889 918 733 
1070 945 1017 879 
1071 66 1023 67 
1072 415 912 728 
1073 888 917 723 
1074 910 1065 1016 
1075 729 1046 1014 
1076 110 932 6 
1077 729 1014 1013 
1078 1016 1065 937 
1079 68 917 69 
1080 966 1035 885 
1081 751 916 833 
1082 893 897 722 
1083 906 908 727 
1084 886 1062 959 
1085 716 928 65 
1086 422 1038 1017 
1087 1017 1038 887 
1088 896 1054 721 
1089 721 1044 896 
1090 416 1066 912 
1091 928 1023 66 
1092 885 1024 726 
1093 722 919 893 
1094 719 945 895 
1095 48 741 49 
1096 927 928 716 
1097 879 1017 887 
1098 728 1031 968 
1099 65 928 66 
1100 727 1060 906 
1101 916 1031 728 
1102 918 1062 1020 
1103 749 916 751 
1104 69 917 733 
1105 723 917 68 
1106 409 741 48 
1107 898 899 730 
1108 833 916 912 
1109 936 1016 937 
1110 741 1027 49 
1111 895 945 876 
1112 972 1043 1030 
1113 719 1017 945 
1114 897 898 722 
1115 716 929 927 
1116 889 917 888 
1117 1016 1042 910 
1118 936 1070 1016 
1119 63 930 64 
1120 895 1029 719 
1121 67 1023 723 
1122 723 1023 890 
1123 893 919 894 
1124 1014 1039 873 
1125 48 29 409 
1126 1013 1038 729 
1127 826 1051 899 
1128 929 1022 856 
1129 899 1053 826 
1130 896 1029 895 
1131 1010 1033 1025 
1132 919 985 894 
1133 414 968 413 
1134 896 1044 1029 
1135 907 1041 381 
1136 98 1050 1048 
1137 912 916 728 
1138 964 1052 1047 
1139 412 742 411 
1140 913 967 883 
1141 876 945 931 
1142 1030 1043 718 
1143 853 1008 856 
1144 730 1071 898 
1145 963 967 913 
1146 930 1022 929 
1147 64 930 716 
1148 900 1069 714 
1149 921 931 828 
1150 63 943 930 
1151 4 1038 422 
1152 1026 1028 60 
1153 381 1067 907 
1154 918 994 733 
1155 714 1041 900 
1156 914 980 855 
1157 791 924 782 
1158 855 980 926 
1159 887 1038 1013 
1160 743 1068 1045 
1161 811 967 963 
1162 50 739 51 
1163 920 1039 1014 
1164 782 987 779 
1165 924 987 782 
1166 951 1040 1037 
1167 803 980 914 
1168 106 919 722 
1169 914 924 803 
1170 728 968 414 
1171 108 730 109 
1172 730 920 109 
1173 740 1020 1019 
1174 828 931 879 
1175 413 968 736 
1176 411 738 410 
1177 856 1008 929 
1178 814 827 826 
1179 1048 1050 884 
1180 105 919 106 
1181 803 924 791 
1182 410 741 409 
1183 830 921 805 
1184 1011 1015 849 
1185 1047 1052 948 
1186 52 923 731 
1187 411 742 738 
1188 811 925 759 
1189 1050 1055 884 
1190 828 872 827 
1191 811 963 925 
1192 830 931 921 
1193 806 814 812 
1194 876 931 830 
1195 872 873 827 
1196 885 1035 886 
1197 869 933 897 
1198 922 962 801 
1199 884 1055 882 
1200 1055 1057 882 
1201 925 954 759 
1202 962 993 940 
1203 814 826 812 
1204 105 985 919 
1205 716 930 929 
1206 932 1046 424 
1207 814 921 828 
1208 887 1013 872 
1209 912 1066 911 
1210 779 987 777 
1211 920 932 110 
1212 806 921 814 
1213 814 828 827 
1214 1025 1033 953 
1215 982 988 909 
1216 109 920 110 
1217 801 988 982 
1218 855 1008 853 
1219 882 1057 978 
1220 93 939 94 
1221 801 982 922 
1222 944 1018 1015 
1223 777 1007 775 
1224 922 993 962 
1225 736 743 742 
1226 733 994 70 
1227 909 995 910 
1228 104 985 105 
1229 955 999 771 
1230 50 1027 739 
1231 920 1014 932 
1232 759 954 760 
1233 734 935 934 
1234 738 1027 741 
1235 829 830 805 
1236 988 995 909 
1237 734 936 935 
1238 996 1002 785 
1239 935 941 934 
1240 958 1028 1026 
1241 738 741 410 
1242 734 934 95 
1243 926 1008 855 
1244 936 937 935 
1245 805 806 798 
1246 938 941 935 
1247 931 945 879 
1248 829 831 830 
1249 801 962 790 
1250 944 1015 1011 
1251 757 976 811 
1252 797 805 798 
1253 55 947 724 
1254 786 992 767 
1255 1045 1068 739 
1256 736 742 412 
1257 787 940 799 
1258 760 954 763 
1259 947 948 724 
1260 805 921 806 
1261 831 876 830 
1262 822 959 889 
1263 797 798 796 
1264 950 951 57 
1265 58 951 715 
1266 781 940 787 
1267 880 999 955 
1268 106 722 107 
1269 56 950 57 
1270 94 734 95 
1271 829 954 925 
1272 785 1002 955 
1273 96 934 725 
1274 797 954 829 
1275 763 797 796 
1276 94 939 734 
1277 101 942 732 
1278 806 812 807 
1279 757 811 759 
1280 817 956 866 
1281 780 781 779 
1282 833 911 883 
1283 934 941 725 
1284 804 956 817 
1285 869 897 893 
1286 795 801 790 
1287 784 940 781 
1288 900 907 867 
1289 799 956 792 
1290 62 943 63 
1291 720 943 62 
1292 865 885 820 
1293 811 976 967 
1294 813 933 869 
1295 817 820 816 
1296 817 865 820 
1297 797 829 805 
1298 751 833 832 
1299 732 952 102 
1300 731 946 53 
1301 71 740 72 
1302 833 912 911 
1303 804 817 816 
1304 720 1018 944 
1305 787 799 792 
1306 57 951 58 
1307 781 787 782 
1308 780 784 781 
1309 96 725 97 
1310 787 792 791 
1311 792 804 802 
1312 952 953 717 
1313 946 947 54 
1314 52 731 53 
1315 778 779 777 
1316 763 954 797 
1317 804 816 815 
1318 95 934 96 
1319 940 993 799 
1320 718 942 100 
1321 760 763 762 
1322 833 883 832 
1323 54 947 55 
1324 781 782 779 
1325 799 983 956 
1326 778 780 779 
1327 99 718 100 
1328 866 867 865 
1329 734 939 936 
1330 905 906 904 
1331 724 950 56 
1332 749 751 750 
1333 835 960 875 
1334 55 724 56 
1335 861 862 860 
1336 773 955 771 
1337 868 900 867 
1338 776 777 775 
1339 69 733 70 
1340 103 952 717 
1341 101 732 102 
1342 903 904 901 
1343 746 749 748 
1344 787 791 782 
1345 53 946 54 
1346 854 855 853 
1347 792 802 791 
1348 792 956 804 
1349 804 815 802 
1350 864 957 839 
1351 948 949 724 
1352 775 785 773 
1353 49 1027 50 
1354 937 938 935 
1355 877 895 876 
1356 839 957 837 
1357 785 955 773 
1358 790 962 784 
1359 816 959 822 
1360 877 896 895 
1361 837 960 835 
1362 831 877 876 
1363 957 960 837 
1364 103 717 104 
1365 100 942 101 
1366 853 856 851 
1367 720 944 943 
1368 859 861 860 
1369 864 958 957 
1370 769 786 767 
1371 67 723 68 
1372 789 790 784 
1373 102 952 103 
1374 58 715 59 
1375 1063 1065 995 
1376 885 886 820 
1377 817 866 865 
1378 854 914 855 
1379 847 864 839 
1380 776 778 777 
1381 852 853 851 
1382 822 889 888 
1383 852 854 853 
1384 816 822 815 
1385 749 750 748 
1386 774 775 773 
1387 866 868 867 
1388 61 720 62 
1389 772 773 771 
1390 784 962 940 
1391 857 859 858 
1392 915 924 914 
1393 835 875 825 
1394 868 901 900 
1395 806 807 798 
1396 892 928 927 
1397 776 793 778 
1398 861 998 862 
1399 757 759 758 
1400 794 795 790 
1401 850 851 849 
1402 763 796 764 
1403 755 964 753 
1404 848 849 847 
1405 903 905 904 
1406 840 844 841 
1407 770 771 769 
1408 809 840 819 
1409 751 832 752 
1410 844 857 845 
1411 877 913 896 
1412 774 776 775 
1413 859 860 858 
1414 822 888 823 
1415 793 961 778 
1416 850 852 851 
1417 776 965 793 
1418 846 847 839 
1419 780 789 784 
1420 772 774 773 
1421 949 950 724 
1422 802 803 791 
1423 905 908 906 
1424 854 915 914 
1425 796 977 764 
1426 778 961 780 
1427 768 769 767 
1428 888 890 823 
1429 64 716 65 
1430 754 757 756 
1431 808 978 810 
1432 838 839 837 
1433 848 850 849 
1434 892 927 926 
1435 820 959 816 
1436 890 892 891 
1437 743 1045 742 
1438 780 961 789 
1439 770 772 771 
1440 846 848 847 
1441 800 824 755 
1442 890 891 823 
1443 892 926 891 
1444 836 837 835 
1445 808 810 795 
1446 766 767 765 
1447 824 964 755 
1448 987 1007 777 
1449 774 965 776 
1450 717 985 104 
1451 829 925 831 
1452 938 1065 1063 
1453 979 992 786 
1454 768 770 769 
1455 857 858 845 
1456 822 823 815 
1457 838 846 839 
1458 848 880 850 
1459 800 825 824 
1460 883 967 832 
1461 379 726 380 
1462 844 845 841 
1463 418 721 417 
1464 836 838 837 
1465 836 881 838 
1466 840 841 819 
1467 415 728 414 
1468 763 764 762 
1469 834 835 825 
1470 772 788 774 
1471 800 834 825 
1472 860 874 858 
1473 751 752 750 
1474 413 736 412 
1475 766 768 767 
1476 378 966 379 
1477 766 783 768 
1478 902 903 901 
1479 788 965 774 
1480 802 969 803 
1481 770 970 772 
1482 746 748 747 
1483 834 836 835 
1484 377 735 378 
1485 815 969 802 
1486 871 882 818 
1487 886 959 820 
1488 823 969 815 
1489 789 794 790 
1490 764 977 766 
1491 831 963 877 
1492 891 969 823 
1493 382 714 383 
1494 868 902 901 
1495 809 981 840 
1496 845 878 841 
1497 818 978 808 
1498 757 758 756 
1499 51 923 52 
1500 852 1002 996 
1501 421 719 420 
1502 764 766 765 
1503 772 970 788 
1504 760 762 761 
1505 756 800 755 
1506 748 821 747 
1507 877 963 913 
1508 809 819 818 
1509 810 988 795 
1510 759 760 758 
1511 880 1000 999 
1512 768 971 770 
1513 902 922 903 
1514 794 808 795 
1515 754 976 757 
1516 760 761 758 
1517 783 971 768 
1518 871 884 882 
1519 819 871 818 
1520 832 976 752 
1521 379 966 726 
1522 891 980 969 
1523 770 971 970 
1524 969 980 803 
1525 841 972 819 
1526 800 975 834 
1527 828 879 872 
1528 838 979 846 
1529 750 973 748 
1530 858 974 845 
1531 809 818 808 
1532 754 756 755 
1533 1037 1040 875 
1534 748 973 821 
1535 956 983 866 
1536 927 1008 926 
1537 859 1005 861 
1538 874 974 858 
1539 385 727 386 
1540 794 809 808 
1541 754 755 753 
1542 735 966 378 
1543 752 753 750 
1544 925 963 831 
1545 764 765 762 
1546 881 979 838 
1547 819 972 871 
1548 967 976 832 
1549 964 973 753 
1550 840 991 844 
1551 905 909 908 
1552 909 910 908 
1553 756 975 800 
1554 975 986 834 
1555 799 993 983 
1556 845 974 878 
1557 926 980 891 
1558 879 887 872 
1559 878 972 841 
1560 836 986 881 
1561 752 754 753 
1562 882 978 818 
1563 761 975 758 
1564 746 747 745 
1565 866 983 868 
1566 721 1054 911 
1567 766 977 783 
1568 961 981 789 
1569 753 973 750 
1570 386 984 387 
1571 758 975 756 
1572 893 894 870 
1573 868 983 902 
1574 869 893 870 
1575 922 982 903 
1576 903 982 905 
1577 813 869 843 
1578 857 1003 859 
1579 752 976 754 
1580 807 990 798 
1581 991 1001 844 
1582 767 992 765 
1583 844 1001 857 
1584 761 986 975 
1585 744 746 745 
1586 70 994 71 
1587 771 999 769 
1588 765 989 762 
1589 1005 1006 861 
1590 869 870 843 
1591 874 1032 974 
1592 843 863 842 
1593 765 992 989 
1594 387 737 388 
1595 834 986 836 
1596 812 813 807 
1597 915 987 924 
1598 852 996 854 
1599 789 981 794 
1600 736 968 744 
1601 794 981 809 
1602 795 988 801 
1603 981 991 840 
1604 955 1002 880 
1605 862 998 997 
1606 905 982 909 
1607 798 990 796 
1608 986 989 881 
1609 848 1000 880 
1610 971 1009 1006 
1611 880 1002 850 
1612 979 1000 846 
1613 1003 1005 859 
1614 983 993 902 
1615 813 843 842 
1616 989 992 881 
1617 961 991 981 
1618 842 990 807 
1619 999 1000 786 
1620 762 989 761 
1621 761 989 986 
1622 727 984 386 
1623 796 990 977 
1624 929 1008 927 
1625 793 991 961 
1626 1001 1003 857 
1627 775 1007 785 
1628 870 997 843 
1629 1032 1036 974 
1630 786 1000 979 
1631 812 933 813 
1632 793 1001 991 
1633 71 994 740 
1634 826 933 812 
1635 1006 1009 998 
1636 813 842 807 
1637 749 1031 916 
1638 851 1011 849 
1639 881 992 979 
1640 387 984 737 
1641 744 745 743 
1642 902 993 922 
1643 870 1010 997 
1644 854 996 915 
1645 810 995 988 
1646 965 1001 793 
1647 769 999 786 
1648 846 1000 848 
1649 849 1015 847 
1650 850 1002 852 
1651 843 997 863 
1652 874 1025 953 
1653 977 1004 783 
1654 1004 1009 783 
1655 714 1012 383 
1656 965 1003 1001 
1657 996 1007 915 
1658 783 1009 971 
1659 997 1010 862 
1660 422 1017 421 
1661 788 1003 965 
1662 990 1004 977 
1663 997 998 863 
1664 953 1032 874 
1665 785 1007 996 
1666 788 1005 1003 
1667 970 1005 788 
1668 971 1006 970 
1669 970 1006 1005 
1670 863 1004 842 
1671 842 1004 990 
1672 108 1071 730 
1673 861 1006 998 
1674 863 1009 1004 
1675 915 1007 987 
1676 906 1012 904 
1677 383 1012 384 
1678 856 1011 851 
1679 376 1019 377 
1680 907 1024 867 
1681 898 1071 722 
1682 865 1024 885 
1683 894 1010 870 
1684 890 1023 892 
1685 913 1054 896 
1686 847 1015 864 
1687 736 744 743 
1688 872 1013 873 
1689 998 1009 863 
1690 423 729 4 
1691 59 1026 60 
1692 968 1031 744 
1693 860 1025 874 
1694 943 1022 930 
1695 856 1022 1011 
1696 944 1022 943 
1697 739 923 51 
1698 746 1031 749 
1699 1014 1046 932 
1700 737 1021 388 
1701 911 1066 721 
1702 952 1032 953 
1703 974 1036 878 
1704 1015 1018 864 
1705 958 1034 957 
1706 894 1033 1010 
1707 1019 1020 735 
1708 719 1029 420 
1709 1013 1014 873 
1710 972 1030 871 
1711 827 1051 826 
1712 1036 1043 878 
1713 911 1054 883 
1714 908 1042 727 
1715 1010 1025 862 
1716 985 1033 894 
1717 60 1028 61 
1718 950 1040 951 
1719 984 1016 737 
1720 864 1018 958 
1721 717 1033 985 
1722 388 1021 389 
1723 377 1019 735 
1724 826 1053 933 
1725 421 1017 719 
1726 381 1041 382 
1727 1020 1035 735 
1728 897 1053 898 
1729 72 1059 2 
1730 99 1048 718 
1731 2 1059 376 
1732 418 1044 721 
1733 61 1028 720 
1734 898 1053 899 
1735 892 1023 928 
1736 722 1071 107 
1737 97 1050 98 
1738 867 1024 865 
1739 862 1025 860 
1740 878 1043 972 
1741 715 1026 59 
1742 1011 1022 944 
1743 899 1039 730 
1744 964 1047 973 
1745 901 1069 900 
1746 1026 1034 958 
1747 714 1069 1012 
1748 380 1067 381 
1749 721 1066 417 
1750 385 1060 727 
1751 939 1070 936 
1752 875 1049 825 
1753 947 1056 948 
1754 420 1029 419 
1755 730 1039 920 
1756 424 1046 423 
1757 5 1061 93 
1758 1012 1069 904 
1759 744 1031 746 
1760 871 1030 884 
1761 720 1028 1018 
1762 732 1032 952 
1763 984 1042 1016 
1764 389 1061 5 
1765 953 1033 717 
1766 1012 1060 384 
1767 957 1034 960 
1768 1058 1064 747 
1769 732 1036 1032 
1770 1016 1070 737 
1771 906 1060 1012 
1772 907 1067 1024 
1773 1020 1062 1035 
1774 883 1054 913 
1775 900 1041 907 
1776 735 1035 966 
1777 715 1037 1034 
1778 1018 1028 958 
1779 718 1048 1030 
1780 1034 1037 960 
1781 942 1036 732 
1782 731 1064 1058 
1783 1029 1044 419 
1784 951 1037 715 
1785 1027 1045 739 
1786 1021 1070 939 
1787 960 1037 875 
1788 729 1038 4 
1789 942 1043 1036 
1790 949 1040 950 
1791 910 1042 908 
1792 1064 1068 745 
1793 382 1041 714 
1794 1039 1051 873 
1795 742 1045 738 
1796 718 1043 942 
1797 727 1042 984 
1798 715 1034 1026 
1799 825 1049 824 
1800 419 1044 418 
1801 1024 1067 726 
1802 937 1065 938 
1803 933 1053 897 
1804 1049 1052 824 
1805 973 1047 821 
1806 810 1063 995 
1807 98 1048 99 
1808 1040 1049 875 
1809 1035 1062 886 
1810 824 1052 964 
1811 923 1064 731 
1812 725 1050 97 
1813 923 1068 1064 
1814 423 1046 729 
1815 948 1056 1047 
1816 949 1052 1049 
1817 93 1061 939 
1818 725 1055 1050 
1819 873 1051 827 
1820 948 1052 949 
1821 978 1063 810 
1822 946 1056 947 
1823 745 1068 743 
1824 941 1057 1055 
1825 941 1055 725 
1826 1030 1048 884 
1827 731 1058 946 
1828 747 1064 745 
1829 938 1057 941 
1830 946 1058 1056 
1831 740 1059 72 
1832 376 1059 1019 
1833 1056 1058 821 
1834 384 1060 385 
1835 821 1058 747 
1836 417 1066 416 
1837 107 1071 108 
1838 726 1067 380 
1839 904 1069 901 
1840 739 1068 923 
1841 995 1065 910 
1842 939 1061 1021 
1843 949 1049 1040 
1844 737 1070 1021 
1845 1019 1059 740 
1846 899 1051 1039 
1847 1021 1061 389 
1848 738 1045 1027 
1849 1047 1056 821 
1850 1057 1063 978 
1851 938 1063 1057 
2 3 2 459
1852 1158 1169 1083 
1853 1086 1237 1160 
1854 1164 1235 1223 
1855 1223 1235 1087 
1856 1160 1247 1086 
1857 1083 1245 1158 
1858 1239 1266 1246 
1859 132 1094 1089 
1860 1239 1246 1151 
1861 1087 1235 1167 
1862 1094 1259 1089 
1863 1244 1261 1184 
1864 1242 1257 1190 
1865 1134 1261 1244 
1866 1241 1250 1196 
1867 133 1094 132 
1868 430 1094 133 
1869 1160 1237 1161 
1870 1240 1248 1078 
1871 133 8 430 
1872 1167 1243 1087 
1873 1139 1218 1213 
1874 1133 1257 1242 
1875 1121 1260 1254 
1876 1135 1263 1256 
1877 1158 1238 1169 
1878 1170 1247 1152 
1879 1256 1263 1181 
1880 1254 1260 1182 
1881 1115 1255 1251 
1882 112 1161 111 
1883 1131 1250 1241 
1884 1093 1243 1167 
1885 429 1094 430 
1886 1176 1231 1214 
1887 1152 1245 1170 
1888 1167 1259 1093 
1889 1109 1252 1249 
1890 1251 1255 1188 
1891 1093 1094 429 
1892 1153 1248 1240 
1893 1159 1212 1162 
1894 1159 1160 1090 
1895 1162 1212 1073 
1896 1090 1212 1159 
1897 1176 1214 1177 
1898 1249 1252 1194 
1899 1213 1231 1176 
1900 1177 1214 1074 
1901 1077 1230 1209 
1902 1213 1218 1162 
1903 1139 1213 1176 
1904 1090 1161 112 
1905 1093 1259 1094 
1906 1074 1215 1177 
1907 1210 1211 1201 
1908 1141 1232 1226 
1909 1201 1211 1202 
1910 1201 1215 1210 
1911 1146 1164 1163 
1912 1202 1211 1075 
1913 1209 1230 1149 
1914 1075 1221 1202 
1915 1210 1215 1074 
1916 1160 1161 1090 
1917 1088 1266 1234 
1918 1146 1235 1164 
1919 1203 1221 1075 
1920 1088 1234 92 
1921 1146 1163 1100 
1922 6 1072 425 
1923 1209 1229 1228 
1924 1228 1229 1144 
1925 1205 1227 1226 
1926 1206 1227 1205 
1927 128 1174 127 
1928 1246 1266 1088 
1929 1138 1151 1148 
1930 1174 1230 1077 
1931 127 1174 1077 
1932 1073 1213 1162 
1933 1098 1166 1146 
1934 1086 1247 1170 
1935 1100 1163 1102 
1936 1095 1096 1084 
1937 1095 1165 1096 
1938 1140 1217 1215 
1939 1165 1166 1096 
1940 1138 1154 1151 
1941 1144 1227 1206 
1942 1206 1228 1144 
1943 130 1095 1084 
1944 1226 1232 1205 
1945 1165 1167 1166 
1946 1089 1165 1095 
1947 1096 1166 1098 
1948 91 1168 1088 
1949 1173 1174 128 
1950 132 1089 131 
1951 1089 1095 131 
1952 1215 1217 1177 
1953 1140 1215 1201 
1954 1097 1173 1084 
1955 1098 1146 1100 
1956 91 1088 92 
1957 1147 1173 1097 
1958 92 1234 4 
1959 1083 1169 357 
1960 1096 1098 1097 
1961 1149 1229 1209 
1962 358 1170 1083 
1963 1102 1163 1138 
1964 1096 1097 1084 
1965 1163 1164 1154 
1966 1102 1138 1137 
1967 356 1169 1091 
1968 356 1091 355 
1969 130 1084 129 
1970 1078 1168 90 
1971 90 1168 91 
1972 1159 1162 1145 
1973 1127 1171 1129 
1974 1129 1171 1142 
1975 1162 1218 1145 
1976 131 1095 130 
1977 1086 1170 359 
1978 360 1086 359 
1979 1171 1220 1172 
1980 1142 1157 1155 
1981 1170 1245 1083 
1982 358 1083 357 
1983 1142 1171 1157 
1984 1171 1172 1157 
1985 1098 1100 1099 
1986 89 1197 1078 
1987 357 1169 356 
1988 359 1170 358 
1989 1077 1209 1208 
1990 1084 1173 129 
1991 1193 1196 1195 
1992 88 1197 89 
1993 1192 1194 1193 
1994 1138 1148 1137 
1995 1192 1193 1079 
1996 1191 1192 1079 
1997 1190 1192 1191 
1998 86 1191 1079 
1999 87 1195 88 
2000 1076 1206 1205 
2001 1139 1175 1126 
2002 1077 1208 126 
2003 125 1208 1207 
2004 125 1207 124 
2005 1193 1195 1079 
2006 85 1191 86 
2007 1076 1207 1206 
2008 126 1208 125 
2009 1150 1159 1145 
2010 1185 1186 1080 
2011 1186 1188 1187 
2012 83 1185 1080 
2013 84 1189 85 
2014 1186 1187 1080 
2015 1098 1099 1097 
2016 1076 1205 1204 
2017 1184 1186 1185 
2018 1126 1175 1124 
2019 1175 1217 1124 
2020 1187 1190 1189 
2021 1139 1176 1175 
2022 1195 1197 88 
2023 1189 1191 85 
2024 1128 1139 1126 
2025 1196 1197 1195 
2026 1176 1177 1175 
2027 1179 1182 1180 
2028 82 1185 83 
2029 1187 1189 1080 
2030 81 1183 82 
2031 1079 1195 87 
2032 1179 1180 1081 
2033 1180 1184 1183 
2034 1080 1189 84 
2035 124 1207 1076 
2036 122 1203 121 
2037 1180 1183 1081 
2038 1183 1185 82 
2039 80 1178 1081 
2040 79 1198 1178 
2041 1116 1216 1141 
2042 1178 1179 1081 
2043 89 1078 90 
2044 80 1081 81 
2045 77 1082 78 
2046 83 1080 84 
2047 86 1079 87 
2048 122 1204 1203 
2049 121 1203 1075 
2050 1082 1198 78 
2051 1081 1183 81 
2052 1177 1217 1175 
2053 1120 1200 1118 
2054 1118 1216 1116 
2055 78 1198 79 
2056 79 1178 80 
2057 1076 1204 123 
2058 1140 1200 1120 
2059 1122 1140 1120 
2060 1142 1155 1143 
2061 1201 1202 1200 
2062 119 1210 118 
2063 123 1204 122 
2064 1184 1185 1183 
2065 1202 1216 1200 
2066 120 1211 119 
2067 1140 1201 1200 
2068 119 1211 1210 
2069 121 1075 120 
2070 124 1076 123 
2071 127 1077 126 
2072 115 1073 114 
2073 118 1074 117 
2074 1190 1191 1189 
2075 118 1210 1074 
2076 117 1214 116 
2077 1123 1124 1122 
2078 1075 1211 120 
2079 1127 1220 1171 
2080 1200 1216 1118 
2081 1074 1214 117 
2082 1178 1198 1181 
2083 1124 1217 1122 
2084 1121 1122 1120 
2085 1121 1123 1122 
2086 1178 1181 1179 
2087 1122 1217 1140 
2088 1119 1120 1118 
2089 1119 1121 1120 
2090 1116 1141 1114 
2091 1117 1119 1118 
2092 1117 1134 1119 
2093 1125 1126 1124 
2094 1117 1118 1116 
2095 1123 1125 1124 
2096 1123 1135 1125 
2097 129 1173 128 
2098 1115 1117 1116 
2099 1115 1116 1114 
2100 1113 1115 1114 
2101 1113 1114 1112 
2102 1111 1133 1113 
2103 1125 1127 1126 
2104 1111 1113 1112 
2105 1110 1144 1108 
2106 1111 1112 1110 
2107 1127 1128 1126 
2108 1147 1174 1173 
2109 77 1199 1082 
2110 1109 1111 1110 
2111 76 1199 77 
2112 1202 1221 1216 
2113 1136 1145 1130 
2114 1109 1110 1108 
2115 1129 1142 1132 
2116 1128 1218 1139 
2117 1127 1129 1128 
2118 1107 1109 1108 
2119 1125 1220 1127 
2120 1129 1130 1128 
2121 1106 1149 1104 
2122 1135 1220 1125 
2123 1107 1108 1106 
2124 1105 1131 1107 
2125 114 1212 113 
2126 1073 1212 114 
2127 1145 1218 1130 
2128 75 1085 76 
2129 1150 1160 1159 
2130 1216 1221 1141 
2131 1105 1107 1106 
2132 1100 1102 1101 
2133 74 1219 75 
2134 1155 1156 1143 
2135 1105 1106 1104 
2136 1130 1218 1128 
2137 1142 1143 1132 
2138 1085 1199 76 
2139 1102 1137 1103 
2140 1100 1101 1099 
2141 113 1090 112 
2142 1136 1150 1145 
2143 1103 1105 1104 
2144 1129 1132 1130 
2145 75 1219 1085 
2146 1103 1104 1101 
2147 1132 1136 1130 
2148 1141 1226 1114 
2149 1105 1222 1131 
2150 1102 1103 1101 
2151 1099 1147 1097 
2152 1156 1158 1143 
2153 1136 1152 1150 
2154 1149 1225 1104 
2155 1138 1163 1154 
2156 113 1212 1090 
2157 1137 1222 1103 
2158 1209 1228 1208 
2159 1103 1222 1105 
2160 1221 1232 1141 
2161 1110 1227 1144 
2162 1148 1153 1137 
2163 426 1087 427 
2164 1207 1228 1206 
2165 1153 1222 1137 
2166 425 1223 426 
2167 1167 1235 1166 
2168 1136 1224 1152 
2169 1143 1224 1132 
2170 1144 1229 1108 
2171 1114 1226 1112 
2172 1158 1224 1143 
2173 1132 1224 1136 
2174 1106 1229 1149 
2175 428 1093 429 
2176 1226 1227 1112 
2177 1104 1225 1101 
2178 1099 1225 1147 
2179 1101 1225 1099 
2180 1112 1227 1110 
2181 1073 1231 1213 
2182 426 1223 1087 
2183 1208 1228 1207 
2184 115 1231 1073 
2185 1214 1231 116 
2186 1204 1232 1203 
2187 1108 1229 1106 
2188 1203 1232 1221 
2189 1149 1230 1225 
2190 1147 1230 1174 
2191 1225 1230 1147 
2192 73 1236 74 
2193 116 1231 115 
2194 1205 1232 1204 
2195 361 1237 360 
2196 1154 1253 1151 
2197 1166 1235 1146 
2198 1091 1270 1236 
2199 1197 1240 1078 
2200 355 1258 3 
2201 1193 1241 1196 
2202 3 1258 73 
2203 74 1236 1219 
2204 1072 1223 425 
2205 1187 1242 1190 
2206 1180 1244 1184 
2207 1165 1259 1167 
2208 1238 1270 1091 
2209 1087 1243 427 
2210 1151 1253 1239 
2211 1109 1249 1111 
2212 1150 1247 1160 
2213 428 1243 1093 
2214 6 1233 1072 
2215 1115 1251 1117 
2216 423 1092 424 
2217 1121 1254 1123 
2218 1131 1252 1107 
2219 1133 1255 1113 
2220 7 1262 361 
2221 1134 1260 1119 
2222 1135 1256 1220 
2223 111 1262 7 
2224 1156 1238 1158 
2225 1158 1245 1224 
2226 1153 1250 1222 
2227 360 1237 1086 
2228 1169 1238 1091 
2229 1219 1270 1268 
2230 1268 1270 1156 
2231 4 1234 423 
2232 424 1233 6 
2233 1161 1262 111 
2234 1196 1240 1197 
2235 1168 1246 1088 
2236 1194 1241 1193 
2237 1223 1269 1164 
2238 1078 1248 1168 
2239 1188 1242 1187 
2240 1192 1257 1194 
2241 427 1243 428 
2242 1241 1252 1131 
2243 1182 1244 1180 
2244 1242 1255 1133 
2245 1240 1250 1153 
2246 1244 1260 1134 
2247 1186 1261 1188 
2248 1168 1248 1246 
2249 1179 1263 1182 
2250 1151 1246 1148 
2251 361 1262 1237 
2252 1198 1264 1181 
2253 1224 1245 1152 
2254 1190 1257 1192 
2255 1184 1261 1186 
2256 1152 1247 1150 
2257 423 1234 1092 
2258 1092 1233 424 
2259 1092 1239 1233 
2260 1082 1264 1198 
2261 1082 1265 1264 
2262 1181 1263 1179 
2263 1246 1248 1148 
2264 1072 1269 1223 
2265 1199 1267 1265 
2266 1199 1265 1082 
2267 1148 1248 1153 
2268 1085 1268 1267 
2269 1111 1249 1133 
2270 1085 1267 1199 
2271 1222 1250 1131 
2272 1089 1259 1165 
2273 1117 1251 1134 
2274 1107 1252 1109 
2275 1219 1268 1085 
2276 1220 1256 1172 
2277 1123 1254 1135 
2278 1091 1258 355 
2279 1113 1255 1115 
2280 73 1258 1236 
2281 1119 1260 1121 
2282 1164 1269 1154 
2283 1264 1265 1172 
2284 1172 1265 1157 
2285 1265 1267 1157 
2286 1157 1267 1155 
2287 1267 1268 1155 
2288 1155 1268 1156 
2289 1237 1262 1161 
2290 1196 1250 1240 
2291 1239 1253 1233 
2292 1233 1253 1072 
2293 1194 1252 1241 
2294 1194 1257 1249 
2295 1236 1258 1091 
2296 1188 1255 1242 
2297 1188 1261 1251 
2298 1182 1263 1254 
2299 1182 1260 1244 
2300 1156 1270 1238 
2301 1181 1264 1256 
2302 1236 1270 1219 
2303 1092 1266 1239 
2304 1234 1266 1092 
2305 1249 1257 1133 
2306 1251 1261 1134 
2307 1254 1263 1135 
2308 1253 1269 1072 
2309 1154 1269 1253 
2310 1256 1264 1172 
2 4 2 359
2311 1341 1358 1278 
2312 1335 1390 1382 
2313 1278 1401 1341 
2314 109 1291 1286 
2315 1382 1390 1279 
2316 1291 1407 1286 
2317 1290 1400 1345 
2318 1345 1407 1290 
2319 1341 1399 1358 
2320 110 1291 109 
2321 425 110 6 
2322 1285 1403 1396 
2323 1279 1390 1345 
2324 1333 1401 1357 
2325 425 1291 110 
2326 1359 1398 1381 
2327 1404 1406 1349 
2328 1290 1407 1291 
2329 1398 1422 1381 
2330 426 1291 425 
2331 1345 1400 1279 
2332 1362 1405 1319 
2333 1337 1406 1404 
2334 1357 1409 1333 
2335 1290 1291 426 
2336 1319 1414 1362 
2337 1366 1408 1306 
2338 1285 1396 148 
2339 1396 1403 1289 
2340 1331 1342 1295 
2341 1306 1415 1366 
2342 1293 1344 1331 
2343 1371 1410 1326 
2344 105 1343 1272 
2345 8 1271 430 
2346 1286 1344 1292 
2347 1384 1386 1347 
2348 1393 1394 1352 
2349 1286 1292 108 
2350 1344 1345 1331 
2351 1273 1386 1384 
2352 1350 1387 1351 
2353 1324 1394 1393 
2354 1292 1344 1293 
2355 1334 1348 1336 
2356 1343 1346 1272 
2357 1296 1346 1294 
2358 1295 1342 1297 
2359 1294 1346 1343 
2360 148 1396 10 
2361 1323 1395 1389 
2362 106 1343 105 
2363 1292 1293 1283 
2364 1321 1335 1334 
2365 1351 1387 1330 
2366 109 1286 108 
2367 107 1292 1283 
2368 1356 1391 1389 
2369 1293 1331 1295 
2370 147 1285 148 
2371 1277 1349 146 
2372 1355 1391 1356 
2373 1321 1334 1322 
2374 1342 1390 1335 
2375 1297 1342 1321 
2376 147 1349 1285 
2377 107 1283 106 
2378 1297 1321 1299 
2379 1282 1369 1368 
2380 108 1292 107 
2381 1351 1392 1352 
2382 1272 1350 104 
2383 1293 1295 1294 
2384 139 1370 140 
2385 1392 1393 1352 
2386 1276 1371 1370 
2387 1282 1368 1367 
2388 141 1367 142 
2389 1283 1343 106 
2390 1293 1294 1283 
2391 105 1272 104 
2392 1276 1370 139 
2393 1282 1367 141 
2394 140 1370 1282 
2395 1321 1342 1335 
2396 1275 1364 1363 
2397 1275 1363 143 
2398 1275 1365 1364 
2399 103 1350 1280 
2400 1360 1361 1277 
2401 142 1367 1275 
2402 391 1359 1284 
2403 1350 1351 1280 
2404 104 1350 103 
2405 1330 1387 1385 
2406 1284 1357 392 
2407 1365 1366 1364 
2408 146 1349 147 
2409 395 1358 1288 
2410 143 1363 144 
2411 1282 1370 1369 
2412 100 1354 1274 
2413 1353 1354 101 
2414 145 1360 1277 
2415 102 1353 101 
2416 1360 1362 1361 
2417 1321 1322 1299 
2418 390 1359 391 
2419 1354 1355 1274 
2420 101 1354 100 
2421 391 1284 392 
2422 393 1357 1278 
2423 395 1288 396 
2424 1278 1358 394 
2425 144 1360 145 
2426 145 1277 146 
2427 103 1280 102 
2428 1372 1373 1323 
2429 1370 1371 1369 
2430 392 1357 393 
2431 394 1358 395 
2432 393 1278 394 
2433 1332 1347 1329 
2434 1334 1336 1322 
2435 1367 1368 1365 
2436 1315 1323 1313 
2437 1295 1297 1296 
2438 1327 1340 1338 
2439 1327 1378 1340 
2440 1280 1353 102 
2441 140 1282 141 
2442 138 1276 139 
2443 142 1275 143 
2444 1275 1367 1365 
2445 144 1363 1360 
2446 1315 1372 1323 
2447 1355 1356 1274 
2448 138 1374 1276 
2449 1329 1372 1317 
2450 1320 1329 1317 
2451 1363 1364 1362 
2452 137 1374 138 
2453 1309 1324 1307 
2454 99 1376 98 
2455 97 1273 96 
2456 100 1274 99 
2457 1281 1374 137 
2458 136 1281 137 
2459 1312 1313 1311 
2460 1351 1352 1280 
2461 135 1375 136 
2462 1314 1315 1313 
2463 1274 1376 99 
2464 1317 1372 1315 
2465 1327 1338 1328 
2466 1310 1311 1309 
2467 1356 1376 1274 
2468 1316 1317 1315 
2469 1312 1314 1313 
2470 1373 1386 1273 
2471 1310 1312 1311 
2472 1312 1326 1314 
2473 136 1375 1281 
2474 1360 1363 1362 
2475 1314 1316 1315 
2476 1320 1332 1329 
2477 1316 1327 1318 
2478 1308 1325 1310 
2479 1338 1339 1328 
2480 1308 1310 1309 
2481 1352 1353 1280 
2482 1308 1309 1307 
2483 1327 1328 1318 
2484 1312 1377 1326 
2485 1310 1377 1312 
2486 1316 1378 1327 
2487 1318 1320 1317 
2488 1316 1318 1317 
2489 95 1287 94 
2490 1325 1377 1310 
2491 1339 1341 1328 
2492 1326 1378 1314 
2493 1306 1307 1305 
2494 1303 1330 1301 
2495 1314 1378 1316 
2496 1306 1308 1307 
2497 1273 1388 1373 
2498 1320 1333 1332 
2499 1287 1384 1347 
2500 1304 1306 1305 
2501 1357 1401 1278 
2502 1295 1296 1294 
2503 1304 1305 1303 
2504 1345 1390 1331 
2505 1341 1380 1328 
2506 1320 1380 1333 
2507 1328 1380 1318 
2508 1318 1380 1320 
2509 1302 1319 1304 
2510 1302 1304 1303 
2511 1300 1379 1302 
2512 1359 1381 1284 
2513 1297 1299 1298 
2514 1302 1303 1301 
2515 1302 1379 1319 
2516 1376 1395 1388 
2517 1300 1302 1301 
2518 1294 1343 1283 
2519 1300 1301 1298 
2520 1272 1387 1350 
2521 1389 1395 1356 
2522 1297 1298 1296 
2523 1385 1387 1346 
2524 1355 1394 1324 
2525 1299 1300 1298 
2526 1324 1391 1355 
2527 1296 1385 1346 
2528 1322 1383 1299 
2529 1330 1392 1351 
2530 1300 1383 1379 
2531 1347 1386 1329 
2532 429 1279 428 
2533 430 1382 429 
2534 1326 1419 1371 
2535 1336 1337 1322 
2536 1337 1383 1322 
2537 1273 1384 96 
2538 1372 1386 1373 
2539 95 1384 1287 
2540 1376 1388 98 
2541 97 1388 1273 
2542 1330 1385 1301 
2543 1299 1383 1300 
2544 1331 1390 1342 
2545 427 1290 426 
2546 1288 1424 1397 
2547 1323 1389 1313 
2548 1354 1394 1355 
2549 1348 1402 1289 
2550 1352 1394 1353 
2551 1309 1391 1324 
2552 1324 1393 1307 
2553 1303 1392 1330 
2554 1298 1385 1296 
2555 1388 1395 1373 
2556 1399 1424 1288 
2557 1346 1387 1272 
2558 429 1382 1279 
2559 96 1384 95 
2560 1348 1416 1271 
2561 1329 1386 1372 
2562 1301 1385 1298 
2563 98 1388 97 
2564 134 1397 135 
2565 94 1398 93 
2566 1373 1395 1323 
2567 1313 1389 1311 
2568 1389 1391 1311 
2569 1311 1391 1309 
2570 1353 1394 1354 
2571 1305 1392 1303 
2572 1305 1393 1392 
2573 1307 1393 1305 
2574 1382 1416 1335 
2575 1356 1395 1376 
2576 1334 1416 1348 
2577 1344 1407 1345 
2578 1289 1403 1348 
2579 1277 1404 1349 
2580 135 1397 1375 
2581 1287 1398 94 
2582 8 1402 1271 
2583 1271 1382 430 
2584 1341 1401 1380 
2585 1279 1400 428 
2586 1364 1405 1362 
2587 1276 1420 1371 
2588 5 1411 390 
2589 93 1411 5 
2590 427 1400 1290 
2591 396 1412 9 
2592 9 1412 134 
2593 1284 1409 1357 
2594 1339 1399 1341 
2595 1271 1402 1348 
2596 1306 1408 1308 
2597 432 1289 431 
2598 1287 1422 1398 
2599 1326 1410 1378 
2600 1319 1415 1304 
2601 1403 1406 1336 
2602 1358 1399 1288 
2603 1337 1413 1383 
2604 1332 1422 1347 
2605 1381 1422 1332 
2606 10 1396 432 
2607 1365 1417 1366 
2608 1285 1406 1403 
2609 1348 1403 1336 
2610 428 1400 427 
2611 1333 1409 1332 
2612 1332 1409 1381 
2613 431 1402 8 
2614 1271 1416 1382 
2615 1371 1420 1410 
2616 1423 1424 1339 
2617 1375 1424 1423 
2618 1380 1401 1333 
2619 1405 1415 1319 
2620 1361 1404 1277 
2621 1289 1402 431 
2622 1404 1413 1337 
2623 1366 1405 1364 
2624 1286 1407 1344 
2625 432 1396 1289 
2626 1349 1406 1285 
2627 1336 1406 1337 
2628 134 1412 1397 
2629 1398 1411 93 
2630 1308 1408 1325 
2631 1362 1414 1361 
2632 1361 1414 1413 
2633 1369 1418 1368 
2634 1347 1422 1287 
2635 1378 1410 1340 
2636 390 1411 1359 
2637 1381 1409 1284 
2638 1288 1412 396 
2639 1281 1421 1374 
2640 1335 1416 1334 
2641 1281 1423 1421 
2642 1371 1419 1369 
2643 1375 1423 1281 
2644 1369 1419 1418 
2645 1368 1417 1365 
2646 1366 1417 1408 
2647 1413 1414 1379 
2648 1383 1413 1379 
2649 1304 1415 1306 
2650 1379 1414 1319 
2651 1368 1418 1417 
2652 1325 1418 1377 
2653 1377 1419 1326 
2654 1418 1419 1377 
2655 1374 1420 1276 
2656 1340 1421 1338 
2657 1421 1423 1338 
2658 1338 1423 1339 
2659 1417 1418 1325 
2660 1397 1412 1288 
2661 1359 1411 1398 
2662 1339 1424 1399 
2663 1397 1424 1375 
2664 1420 1421 1340 
2665 1374 1421 1420 
2666 1361 1413 1404 
2667 1366 1415 1405 
2668 1410 1420 1340 
2669 1408 1417 1325 
2 5 2 158
2670 1436 1450 1438 
2671 1438 1451 1436 
2672 1437 1448 1438 
2673 1438 1450 1437 
2674 1435 1452 1447 
2675 1447 1453 1435 
2676 1434 1454 1446 
2677 1446 1455 1434 
2678 1433 1456 1445 
2679 1445 1457 1433 
2680 1432 1458 1444 
2681 1444 1459 1432 
2682 1431 1460 1443 
2683 1443 1461 1431 
2684 1430 1462 1442 
2685 1442 1463 1430 
2686 1429 1465 1441 
2687 1441 1464 1429 
2688 1428 1467 1440 
2689 1440 1466 1428 
2690 1427 1469 1439 
2691 1439 1468 1427 
2692 172 12 10 
2693 1439 1469 1428 
2694 1428 1466 1439 
2695 1440 1467 1429 
2696 1429 1464 1440 
2697 1441 1465 1430 
2698 1430 1463 1441 
2699 1442 1462 1431 
2700 1431 1461 1442 
2701 1443 1460 1432 
2702 1432 1459 1443 
2703 1471 1472 1427 
2704 1444 1458 1433 
2705 1433 1457 1444 
2706 1445 1456 1434 
2707 1434 1455 1445 
2708 1446 1454 1435 
2709 1435 1453 1446 
2710 1447 1452 1436 
2711 1436 1451 1447 
2712 1468 1471 1427 
2713 172 1473 171 
2714 1449 1473 172 
2715 10 1449 172 
2716 171 1437 170 
2717 169 1450 1436 
2718 1448 1474 1470 
2719 1448 1470 133 
2720 131 1438 132 
2721 1438 1448 132 
2722 133 1470 8 
2723 121 1443 122 
2724 125 1445 126 
2725 123 1444 124 
2726 129 1447 130 
2727 119 1442 120 
2728 113 1439 114 
2729 127 1446 128 
2730 115 1440 116 
2731 117 1441 118 
2732 169 1436 168 
2733 165 1434 164 
2734 153 1428 152 
2735 155 1429 154 
2736 167 1435 166 
2737 157 1430 156 
2738 151 1427 150 
2739 161 1432 160 
2740 163 1433 162 
2741 159 1431 158 
2742 131 1451 1438 
2743 1437 1450 170 
2744 1447 1451 130 
2745 1446 1453 128 
2746 129 1453 1447 
2747 127 1455 1446 
2748 1445 1455 126 
2749 1444 1457 124 
2750 125 1457 1445 
2751 123 1459 1444 
2752 1443 1459 122 
2753 121 1461 1443 
2754 1442 1461 120 
2755 1441 1463 118 
2756 119 1463 1442 
2757 117 1464 1441 
2758 1440 1464 116 
2759 1439 1466 114 
2760 115 1466 1440 
2761 113 1468 1439 
2762 167 1452 1435 
2763 1436 1452 168 
2764 1435 1454 166 
2765 165 1454 1434 
2766 1434 1456 164 
2767 163 1456 1433 
2768 161 1458 1432 
2769 1433 1458 162 
2770 1432 1460 160 
2771 159 1460 1431 
2772 157 1462 1430 
2773 1431 1462 158 
2774 1430 1465 156 
2775 155 1465 1429 
2776 153 1467 1428 
2777 1429 1467 154 
2778 151 1469 1427 
2779 1428 1469 152 
2780 170 1450 169 
2781 132 1448 133 
2782 150 1472 149 
2783 111 1471 112 
2784 168 1452 167 
2785 166 1454 165 
2786 164 1456 163 
2787 162 1458 161 
2788 160 1460 159 
2789 158 1462 157 
2790 156 1465 155 
2791 154 1467 153 
2792 152 1469 151 
2793 130 1451 131 
2794 128 1453 129 
2795 126 1455 127 
2796 124 1457 125 
2797 122 1459 123 
2798 120 1461 121 
2799 118 1463 119 
2800 116 1464 117 
2801 114 1466 115 
2802 112 1468 113 
2803 1426 1472 1471 
2804 432 1449 10 
2805 363 1426 362 
2806 1427 1472 150 
2807 431 1425 432 
2808 112 1471 1468 
2809 171 1473 1437 
2810 7 1476 111 
2811 149 1475 11 
2812 8 1470 431 
2813 11 1475 363 
2814 362 1476 7 
2815 1437 1474 1448 
2816 111 1476 1471 
2817 1472 1475 149 
2818 1425 1449 432 
2819 431 1470 1425 
2820 1471 1476 1426 
2821 1426 1475 1472 
2822 1425 1473 1449 
2823 1473 1474 1437 
2824 363 1475 1426 
2825 1426 1476 362 
2826 1470 1474 1425 
2827 1425 1474 1473 
2 6 2 107
2828 1486 1494 1478 
2829 1478 1496 1486 
2830 10 12 148 
2831 16 1480 1477 
2832 1485 1499 1489 
2833 1489 1501 1485 
2834 1484 1503 1491 
2835 1491 1502 1484 
2836 1483 1505 1490 
2837 1490 1504 1483 
2838 1482 1507 1488 
2839 1488 1506 1482 
2840 1487 1500 1481 
2841 1481 1508 1487 
2842 16 1477 433 
2843 1487 1508 1482 
2844 1482 1506 1487 
2845 1486 1496 1489 
2846 1483 1504 1488 
2847 1488 1507 1483 
2848 1489 1499 1486 
2849 1484 1502 1490 
2850 1490 1505 1484 
2851 1485 1501 1491 
2852 1491 1503 1485 
2853 1481 1498 1497 
2854 1478 1493 1492 
2855 1481 1500 1498 
2856 1478 1492 186 
2857 12 1495 148 
2858 20 1480 16 
2859 146 1494 1486 
2860 1480 1492 1477 
2861 1478 1494 1493 
2862 185 1478 186 
2863 147 1494 146 
2864 146 1486 145 
2865 433 1495 12 
2866 185 1496 1478 
2867 183 1489 184 
2868 175 1487 176 
2869 179 1490 180 
2870 181 1491 182 
2871 177 1488 178 
2872 142 1484 141 
2873 144 1485 143 
2874 136 1481 135 
2875 138 1482 137 
2876 140 1483 139 
2877 173 1498 174 
2878 1486 1499 145 
2879 1489 1496 184 
2880 135 1497 134 
2881 1493 1495 1477 
2882 183 1501 1489 
2883 1491 1501 182 
2884 144 1499 1485 
2885 181 1502 1491 
2886 1490 1502 180 
2887 1488 1504 178 
2888 179 1504 1490 
2889 177 1506 1488 
2890 1487 1506 176 
2891 142 1503 1484 
2892 1485 1503 143 
2893 1484 1505 141 
2894 140 1505 1483 
2895 138 1507 1482 
2896 1483 1507 139 
2897 1482 1508 137 
2898 136 1508 1481 
2899 175 1500 1487 
2900 1494 1509 1493 
2901 184 1496 185 
2902 174 1500 175 
2903 145 1499 144 
2904 1481 1497 135 
2905 397 1479 398 
2906 143 1503 142 
2907 141 1505 140 
2908 139 1507 138 
2909 137 1508 136 
2910 182 1501 183 
2911 180 1502 181 
2912 178 1504 179 
2913 176 1506 177 
2914 1497 1498 1479 
2915 1498 1500 174 
2916 13 1511 173 
2917 134 1510 9 
2918 173 1511 1498 
2919 9 1510 397 
2920 398 1511 13 
2921 147 1509 1494 
2922 1477 1495 433 
2923 1497 1510 134 
2924 148 1509 147 
2925 1498 1511 1479 
2926 1493 1509 1495 
2927 1479 1510 1497 
2928 1495 1509 148 
2929 1492 1493 1477 
2930 397 1510 1479 
2931 1479 1511 398 
2932 14 1480 20 
2933 186 1480 14 
2934 186 1492 1480 
2 7 2 102
2935 15 1523 364 
2936 364 1523 11 
2937 210 16 433 
2938 1512 1536 210 
2939 187 1523 15 
2940 11 1523 149 
2941 210 1536 209 
2942 209 1536 1535 
2943 209 1535 208 
2944 208 1535 1534 
2945 208 1534 207 
2946 207 1534 1533 
2947 207 1533 206 
2948 206 1533 1532 
2949 206 1532 205 
2950 205 1532 1531 
2951 205 1531 204 
2952 204 1530 203 
2953 204 1531 1530 
2954 203 1529 202 
2955 203 1530 1529 
2956 433 1512 210 
2957 202 1528 201 
2958 202 1529 1528 
2959 201 1527 200 
2960 201 1528 1527 
2961 200 1526 199 
2962 200 1527 1526 
2963 199 1525 198 
2964 199 1526 1525 
2965 198 1524 197 
2966 172 1512 12 
2967 198 1525 1524 
2968 197 1522 196 
2969 197 1524 1522 
2970 196 1521 195 
2971 196 1522 1521 
2972 195 1520 194 
2973 195 1521 1520 
2974 194 1519 193 
2975 194 1520 1519 
2976 193 1518 192 
2977 192 1517 191 
2978 193 1519 1518 
2979 191 1516 190 
2980 12 1512 433 
2981 192 1518 1517 
2982 190 1515 189 
2983 191 1517 1516 
2984 189 1514 188 
2985 190 1516 1515 
2986 188 1513 187 
2987 189 1515 1514 
2988 149 1513 150 
2989 188 1514 1513 
2990 150 1514 151 
2991 1513 1514 150 
2992 151 1515 152 
2993 1514 1515 151 
2994 152 1516 153 
2995 1515 1516 152 
2996 153 1517 154 
2997 1516 1517 153 
2998 154 1518 155 
2999 1517 1518 154 
3000 155 1519 156 
3001 156 1520 157 
3002 1518 1519 155 
3003 172 1536 1512 
3004 157 1521 158 
3005 1519 1520 156 
3006 158 1522 159 
3007 1520 1521 157 
3008 159 1524 160 
3009 1521 1522 158 
3010 160 1525 161 
3011 1522 1524 159 
3012 161 1526 162 
3013 1524 1525 160 
3014 162 1527 163 
3015 163 1528 164 
3016 1525 1526 161 
3017 164 1529 165 
3018 1526 1527 162 
3019 165 1530 166 
3020 166 1531 167 
3021 1527 1528 163 
3022 167 1532 168 
3023 1528 1529 164 
3024 168 1533 169 
3025 169 1534 170 
3026 170 1535 171 
3027 171 1536 172 
3028 1529 1530 165 
3029 1530 1531 166 
3030 1531 1532 167 
3031 1532 1533 168 
3032 1533 1534 169 
3033 1534 1535 170 
3034 1535 1536 171 
3035 1513 1523 187 
3036 149 1523 1513 
2 8 2 62
3037 13 1544 399 
3038 399 1544 17 
3039 434 186 14 
3040 173 1544 13 
3041 1537 1551 186 
3042 17 1544 211 
3043 186 1551 185 
3044 185 1551 1550 
3045 185 1550 184 
3046 184 1550 1549 
3047 184 1549 183 
3048 183 1548 182 
3049 183 1549 1548 
3050 434 1537 186 
3051 182 1547 181 
3052 182 1548 1547 
3053 181 1546 180 
3054 181 1547 1546 
3055 180 1545 179 
3056 180 1546 1545 
3057 224 1537 18 
3058 179 1543 178 
3059 179 1545 1543 
3060 178 1542 177 
3061 178 1543 1542 
3062 177 1541 176 
3063 177 1542 1541 
3064 176 1540 175 
3065 175 1539 174 
3066 176 1541 1540 
3067 18 1537 434 
3068 174 1538 173 
3069 175 1540 1539 
3070 211 1538 212 
3071 174 1539 1538 
3072 212 1539 213 
3073 1538 1539 212 
3074 213 1540 214 
3075 1539 1540 213 
3076 214 1541 215 
3077 224 1551 1537 
3078 1540 1541 214 
3079 215 1542 216 
3080 216 1543 217 
3081 1541 1542 215 
3082 217 1545 218 
3083 1542 1543 216 
3084 218 1546 219 
3085 1543 1545 217 
3086 219 1547 220 
3087 220 1548 221 
3088 1545 1546 218 
3089 221 1549 222 
3090 222 1550 223 
3091 223 1551 224 
3092 1546 1547 219 
3093 1547 1548 220 
3094 1548 1549 221 
3095 1549 1550 222 
3096 1550 1551 223 
3097 1538 1544 173 
3098 211 1544 1538 
2 9 2 52
3099 187 1552 225 
3100 19 1552 15 
3101 15 1552 187 
3102 225 1552 19 
3103 248 20 16 
3104 16 210 248 
3105 188 187 225 
3106 226 189 188 
3107 226 188 225 
3108 190 189 227 
3109 227 189 226 
3110 191 190 228 
3111 228 190 227 
3112 229 192 191 
3113 229 191 228 
3114 193 192 230 
3115 230 192 229 
3116 194 193 231 
3117 231 193 230 
3118 195 194 232 
3119 232 194 231 
3120 233 196 195 
3121 233 195 232 
3122 234 197 196 
3123 234 196 233 
3124 235 198 197 
3125 235 197 234 
3126 236 199 198 
3127 236 198 235 
3128 237 200 199 
3129 237 199 236 
3130 238 201 200 
3131 238 200 237 
3132 239 202 201 
3133 239 201 238 
3134 240 203 202 
3135 240 202 239 
3136 241 204 203 
3137 241 203 240 
3138 242 205 204 
3139 242 204 241 
3140 243 206 205 
3141 243 205 242 
3142 244 207 206 
3143 244 206 243 
3144 245 208 207 
3145 245 207 244 
3146 246 209 208 
3147 246 208 245 
3148 247 210 209 
3149 247 209 246 
3150 248 210 247 
2 10 2 32
3151 249 1553 211 
3152 17 1553 21 
3153 211 1553 17 
3154 21 1553 249 
3155 18 22 224 
3156 224 22 262 
3157 211 212 250 
3158 249 211 250 
3159 213 251 212 
3160 212 251 250 
3161 214 252 213 
3162 213 252 251 
3163 215 253 214 
3164 214 253 252 
3165 216 254 215 
3166 215 254 253 
3167 217 255 216 
3168 216 255 254 
3169 218 256 217 
3170 217 256 255 
3171 219 257 218 
3172 218 257 256 
3173 220 258 219 
3174 219 258 257 
3175 221 259 220 
3176 220 259 258 
3177 221 222 260 
3178 260 259 221 
3179 222 223 261 
3180 260 222 261 
3181 223 224 262 
3182 261 223 262 
2 11 2 51
3183 24 20 287 
3184 266 228 227 
3185 229 228 267 
3186 230 229 268 
3187 268 229 267 
3188 231 230 269 
3189 269 230 268 
3190 270 232 231 
3191 270 231 269 
3192 233 232 271 
3193 271 232 270 
3194 234 233 272 
3195 272 233 271 
3196 273 235 234 
3197 273 234 272 
3198 274 236 235 
3199 274 235 273 
3200 275 237 236 
3201 275 236 274 
3202 276 238 237 
3203 276 237 275 
3204 277 239 238 
3205 277 238 276 
3206 278 240 239 
3207 278 239 277 
3208 279 241 240 
3209 279 240 278 
3210 280 242 241 
3211 280 241 279 
3212 281 243 242 
3213 281 242 280 
3214 282 244 243 
3215 282 243 281 
3216 283 245 244 
3217 283 244 282 
3218 284 246 245 
3219 284 245 283 
3220 285 247 246 
3221 285 246 284 
3222 286 248 247 
3223 263 19 23 
3224 225 19 263 
3225 20 248 287 
3226 226 225 264 
3227 264 225 263 
3228 265 227 226 
3229 265 226 264 
3230 266 227 265 
3231 267 228 266 
3232 286 247 285 
3233 287 248 286 
2 12 2 30
3234 26 262 22 
3235 288 25 21 
3236 21 249 288 
3237 301 262 26 
3238 250 289 249 
3239 249 289 288 
3240 251 290 250 
3241 250 290 289 
3242 252 291 251 
3243 251 291 290 
3244 253 292 252 
3245 252 292 291 
3246 254 293 253 
3247 253 293 292 
3248 255 294 254 
3249 254 294 293 
3250 256 295 255 
3251 255 295 294 
3252 257 296 256 
3253 256 296 295 
3254 258 297 257 
3255 257 297 296 
3256 259 298 258 
3257 258 298 297 
3258 259 260 299 
3259 299 298 259 
3260 260 261 300 
3261 299 260 300 
3262 261 262 301 
3263 300 261 301 
2 13 2 814
3264 438 1785 439 
3265 308 1754 307 
3266 1569 1898 1770 
3267 1572 1876 1745 
3268 374 1740 373 
3269 26 1581 435 
3270 1745 1876 1722 
3271 26 1888 1581 
3272 1770 1786 1569 
3273 1593 1862 1732 
3274 1725 1820 1555 
3275 1556 1821 1794 
3276 1784 1785 438 
3277 373 1740 1579 
3278 439 1785 1570 
3279 1590 1862 1593 
3280 308 1808 1754 
3281 1580 1744 1726 
3282 443 1870 1586 
3283 1555 1873 1725 
3284 1584 1859 1787 
3285 1726 1743 1580 
3286 1787 1882 1584 
3287 330 1586 1582 
3288 307 1754 1564 
3289 1578 1729 1728 
3290 1743 1791 1567 
3291 1780 1825 1568 
3292 1786 1863 1569 
3293 1739 1918 1774 
3294 1770 1898 1772 
3295 1567 1883 1743 
3296 436 1587 1565 
3297 1780 1882 1825 
3298 1586 1870 1582 
3299 1587 1588 1565 
3300 1794 1900 1556 
3301 1787 1863 1786 
3302 437 1784 438 
3303 1558 1868 1735 
3304 1579 1740 1738 
3305 1587 1713 1588 
3306 1728 1730 1578 
3307 1774 1918 1583 
3308 282 1875 1874 
3309 1776 1865 1864 
3310 1730 1858 1557 
3311 1738 1749 1579 
3312 374 1857 1740 
3313 1736 1856 1811 
3314 1774 1855 1739 
3315 1554 1872 1760 
3316 1578 1866 1729 
3317 1580 1849 1744 
3318 1821 1851 1794 
3319 1884 1898 369 
3320 1697 1893 1804 
3321 1811 1895 1736 
3322 1557 1894 1730 
3323 1869 1872 267 
3324 1735 1895 1558 
3325 1748 1852 1575 
3326 445 1731 18 
3327 443 1586 444 
3328 30 444 331 
3329 1772 1898 1884 
3330 285 1748 1575 
3331 1874 1875 1747 
3332 1806 1893 1711 
3333 1864 1865 1562 
3334 1565 1784 437 
3335 1744 1915 1726 
3336 1804 1881 1697 
3337 1711 1885 1806 
3338 1577 1752 1750 
3339 1861 1868 324 
3340 328 1849 1580 
3341 1574 1847 1805 
3342 331 1586 330 
3343 22 1888 26 
3344 1735 1868 1737 
3345 1726 1915 1727 
3346 1860 1886 287 
3347 1713 1862 1588 
3348 285 1575 286 
3349 1581 1714 1713 
3350 1819 1873 1555 
3351 1584 1882 1780 
3352 1776 1777 1771 
3353 287 1867 1860 
3354 1581 1713 1587 
3355 1754 1808 1704 
3356 1701 1749 1699 
3357 1699 1749 1738 
3358 1762 1872 1869 
3359 1727 1879 1570 
3360 330 1582 329 
3361 1771 1777 1768 
3362 1732 1910 1593 
3363 441 1585 442 
3364 1760 1872 1762 
3365 1768 1777 1773 
3366 1742 1907 1741 
3367 1773 1777 1653 
3368 1574 1885 1847 
3369 1741 1889 1645 
3370 1563 1874 1746 
3371 1588 1862 1590 
3372 1563 1878 1748 
3373 1645 1755 1599 
3374 1653 1778 1773 
3375 1760 1909 1554 
3376 284 1748 285 
3377 1737 1868 1861 
3378 1859 1863 1787 
3379 1563 1748 284 
3380 1728 1838 1730 
3381 1741 1907 1889 
3382 1708 1850 1802 
3383 1634 1778 1637 
3384 1570 1897 1727 
3385 1819 1908 1873 
3386 1771 1865 1776 
3387 435 1587 436 
3388 1566 1888 22 
3389 287 1886 24 
3390 1781 1816 1636 
3391 1597 1757 1645 
3392 1593 1594 1592 
3393 1637 1778 1653 
3394 1766 1779 1764 
3395 1636 1816 1779 
3396 1593 1757 1594 
3397 329 1849 328 
3398 1633 1781 1636 
3399 1590 1593 1592 
3400 1745 1871 1572 
3401 1636 1778 1634 
3402 1577 1877 1752 
3403 303 1774 1583 
3404 1714 1718 1716 
3405 1597 1645 1599 
3406 1649 1781 1633 
3407 1755 1756 1599 
3408 1878 1914 1748 
3409 1660 1775 1701 
3410 1775 1776 1701 
3411 1758 1781 1649 
3412 1779 1816 1764 
3413 1775 1777 1776 
3414 1584 1780 264 
3415 1751 1797 1674 
3416 1649 1797 1758 
3417 1773 1779 1766 
3418 1594 1757 1597 
3419 1671 1755 1676 
3420 1673 1789 1709 
3421 305 1782 1571 
3422 1767 1786 1770 
3423 1671 1756 1755 
3424 1594 1596 1595 
3425 303 1583 302 
3426 1575 1867 286 
3427 1643 1756 1671 
3428 1652 1775 1660 
3429 1571 1774 304 
3430 1758 1797 1751 
3431 1695 1799 1662 
3432 1681 1798 1679 
3433 1657 1796 1703 
3434 1660 1701 1699 
3435 1665 1794 1790 
3436 1673 1798 1789 
3437 1736 1895 1735 
3438 1738 1740 1739 
3439 1603 1756 1643 
3440 1643 1671 1663 
3441 263 1584 264 
3442 1765 1767 1766 
3443 1767 1770 1768 
3444 1770 1772 1771 
3445 1564 1783 1782 
3446 1674 1797 1672 
3447 1609 1814 1792 
3448 1594 1597 1596 
3449 1705 1792 1788 
3450 1838 1858 1730 
3451 1790 1793 1665 
3452 1600 1756 1603 
3453 1678 1793 1680 
3454 1763 1765 1764 
3455 1798 1813 1679 
3456 1729 1799 1695 
3457 1671 1676 1675 
3458 1789 1798 1681 
3459 1749 1848 1579 
3460 265 1780 1568 
3461 1564 1782 306 
3462 304 1774 303 
3463 1765 1766 1764 
3464 1653 1775 1652 
3465 1769 1786 1767 
3466 1767 1768 1766 
3467 1637 1653 1652 
3468 1792 1814 1788 
3469 1653 1777 1775 
3470 1672 1817 1627 
3471 1680 1793 1790 
3472 1698 1828 1815 
3473 1796 1836 1834 
3474 305 1571 304 
3475 1633 1634 1632 
3476 1778 1779 1773 
3477 1770 1771 1768 
3478 307 1564 306 
3479 1660 1699 1667 
3480 1699 1738 1700 
3481 1678 1812 1793 
3482 1662 1799 1665 
3483 1763 1764 1761 
3484 1607 1822 1807 
3485 1807 1822 1682 
3486 1561 1803 317 
3487 1792 1818 1609 
3488 1631 1632 1630 
3489 264 1780 265 
3490 1795 1796 1638 
3491 1797 1817 1672 
3492 1636 1779 1778 
3493 1630 1795 1638 
3494 1815 1828 1686 
3495 1652 1660 1656 
3496 1637 1652 1639 
3497 1764 1816 1761 
3498 1679 1813 1621 
3499 1627 1628 1626 
3500 1762 1763 1761 
3501 1628 1630 1629 
3502 1671 1675 1663 
3503 1634 1637 1635 
3504 265 1568 266 
3505 1834 1836 1658 
3506 1628 1631 1630 
3507 1590 1591 1589 
3508 1588 1590 1589 
3509 1631 1633 1632 
3510 306 1782 305 
3511 1759 1816 1781 
3512 1696 1791 1743 
3513 1590 1592 1591 
3514 1765 1769 1767 
3515 1837 1840 1694 
3516 320 1810 1572 
3517 1633 1636 1634 
3518 1759 1781 1758 
3519 317 1803 316 
3520 1573 1801 1800 
3521 1665 1799 1794 
3522 1638 1796 1657 
3523 1753 1759 1758 
3524 1619 1812 1678 
3525 1609 1818 1610 
3526 1696 1743 1726 
3527 1654 1672 1627 
3528 439 1570 440 
3529 1760 1761 1759 
3530 1703 1834 1710 
3531 1809 1811 1810 
3532 1769 1787 1786 
3533 1559 1808 309 
3534 310 1805 1559 
3535 1573 1800 315 
3536 312 1806 1574 
3537 1678 1680 1679 
3538 1625 1627 1626 
3539 442 1870 443 
3540 1680 1681 1679 
3541 1594 1595 1592 
3542 1678 1679 1621 
3543 436 1565 437 
3544 1800 1804 1560 
3545 1673 1674 1672 
3546 1654 1673 1672 
3547 1573 1802 1801 
3548 1634 1635 1632 
3549 1680 1724 1681 
3550 1801 1804 1800 
3551 1753 1758 1751 
3552 1644 1662 1647 
3553 1705 1838 1728 
3554 1619 1678 1621 
3555 1654 1813 1798 
3556 1625 1626 1624 
3557 309 1808 308 
3558 1793 1812 1647 
3559 1677 1695 1662 
3560 1752 1753 1751 
3561 1662 1665 1647 
3562 1724 1725 1681 
3563 1613 1644 1615 
3564 1647 1812 1615 
3565 1628 1629 1626 
3566 1694 1807 1682 
3567 1644 1647 1615 
3568 1622 1625 1624 
3569 1558 1809 322 
3570 1705 1728 1695 
3571 1649 1817 1797 
3572 1750 1751 1674 
3573 1809 1810 321 
3574 1625 1813 1654 
3575 1728 1729 1695 
3576 1627 1817 1628 
3577 1753 1760 1759 
3578 1625 1654 1627 
3579 1574 1805 311 
3580 314 1800 1560 
3581 1560 1806 313 
3582 1644 1677 1662 
3583 1585 1870 442 
3584 1621 1813 1622 
3585 1750 1752 1751 
3586 1677 1705 1695 
3587 1673 1709 1674 
3588 1709 1750 1674 
3589 1689 1791 1696 
3590 321 1810 320 
3591 1630 1638 1629 
3592 312 1574 311 
3593 314 1560 313 
3594 316 1573 315 
3595 320 1572 319 
3596 318 1561 317 
3597 323 1558 322 
3598 310 1559 309 
3599 1760 1762 1761 
3600 1644 1818 1677 
3601 1619 1621 1620 
3602 1703 1710 1704 
3603 1643 1663 1655 
3604 1677 1818 1792 
3605 322 1809 321 
3606 316 1803 1573 
3607 1610 1818 1613 
3608 1663 1691 1655 
3609 1657 1703 1702 
3610 1725 1789 1681 
3611 1616 1619 1618 
3612 1613 1615 1614 
3613 1680 1790 1724 
3614 1693 1694 1682 
3615 1621 1622 1620 
3616 313 1806 312 
3617 311 1805 310 
3618 315 1800 314 
3619 1606 1814 1609 
3620 1616 1812 1619 
3621 1610 1613 1612 
3622 1603 1643 1605 
3623 1637 1639 1635 
3624 1628 1817 1631 
3625 1622 1813 1625 
3626 1665 1793 1647 
3627 1659 1670 1669 
3628 1643 1655 1605 
3629 1668 1682 1650 
3630 1631 1817 1649 
3631 1622 1624 1623 
3632 1632 1795 1630 
3633 1761 1816 1759 
3634 1606 1609 1608 
3635 1619 1620 1618 
3636 1615 1812 1616 
3637 1670 1736 1735 
3638 1615 1616 1614 
3639 1698 1815 1712 
3640 1726 1727 1721 
3641 1654 1798 1673 
3642 1613 1818 1644 
3643 1573 1803 1802 
3644 1691 1788 1655 
3645 1613 1614 1612 
3646 1677 1792 1705 
3647 1763 1825 1765 
3648 1631 1649 1633 
3649 1591 1692 1589 
3650 1698 1712 1711 
3651 1682 1822 1650 
3652 1596 1641 1595 
3653 1685 1698 1697 
3654 1609 1610 1608 
3655 1768 1773 1766 
3656 1603 1605 1604 
3657 1624 1686 1623 
3658 1693 1722 1694 
3659 1685 1828 1698 
3660 1668 1693 1682 
3661 1655 1814 1605 
3662 275 1821 276 
3663 276 1556 277 
3664 274 1576 275 
3665 280 1557 281 
3666 271 1819 272 
3667 268 1554 269 
3668 270 1577 271 
3669 278 1578 279 
3670 272 1555 273 
3671 283 1563 284 
3672 273 1820 274 
3673 1622 1623 1620 
3674 1651 1823 1685 
3675 1616 1618 1617 
3676 1651 1685 1684 
3677 1605 1814 1606 
3678 1600 1603 1602 
3679 1676 1746 1675 
3680 1788 1814 1655 
3681 1660 1667 1656 
3682 1629 1827 1626 
3683 1652 1656 1639 
3684 1610 1612 1611 
3685 1605 1606 1604 
3686 1691 1838 1788 
3687 1699 1700 1667 
3688 1616 1617 1614 
3689 1796 1834 1703 
3690 1597 1598 1596 
3691 1670 1735 1669 
3692 1788 1838 1705 
3693 1624 1827 1686 
3694 1599 1756 1600 
3695 1698 1711 1697 
3696 1685 1697 1684 
3697 1692 1845 1785 
3698 1603 1604 1602 
3699 1696 1726 1721 
3700 1618 1651 1617 
3701 1651 1683 1617 
3702 1747 1833 1675 
3703 1606 1608 1607 
3704 326 1567 325 
3705 1684 1687 1683 
3706 1577 1819 271 
3707 1576 1821 275 
3708 1555 1820 273 
3709 276 1821 1556 
3710 274 1820 1576 
3711 272 1819 1555 
3712 1703 1704 1702 
3713 1612 1648 1611 
3714 1610 1611 1608 
3715 1648 1650 1611 
3716 1589 1784 1565 
3717 1608 1822 1607 
3718 1620 1823 1618 
3719 1651 1684 1683 
3720 1661 1668 1650 
3721 1642 1827 1629 
3722 328 1580 327 
3723 1606 1607 1604 
3724 1614 1824 1612 
3725 1648 1661 1650 
3726 1710 1754 1704 
3727 1618 1823 1651 
3728 1661 1708 1668 
3729 1707 1840 1837 
3730 1612 1824 1648 
3731 1623 1823 1620 
3732 1597 1599 1598 
3733 1735 1737 1669 
3734 1638 1657 1642 
3735 1693 1745 1722 
3736 1611 1822 1608 
3737 1626 1827 1624 
3738 1617 1824 1614 
3739 1659 1669 1666 
3740 1641 1659 1646 
3741 1689 1829 1791 
3742 1600 1602 1601 
3743 1600 1601 1598 
3744 1602 1640 1601 
3745 1640 1706 1601 
3746 1683 1824 1617 
3747 1824 1830 1648 
3748 1650 1822 1611 
3749 1591 1844 1692 
3750 1599 1600 1598 
3751 1638 1642 1629 
3752 1668 1826 1693 
3753 1689 1696 1690 
3754 1686 1828 1623 
3755 1738 1739 1700 
3756 1675 1833 1663 
3757 1708 1826 1668 
3758 1657 1702 1664 
3759 1807 1832 1607 
3760 1692 1785 1784 
3761 1823 1828 1685 
3762 1623 1828 1823 
3763 1683 1830 1824 
3764 1635 1795 1632 
3765 1693 1826 1745 
3766 1640 1707 1706 
3767 1657 1664 1642 
3768 1687 1830 1683 
3769 1702 1723 1664 
3770 1607 1832 1604 
3771 1602 1832 1640 
3772 1596 1831 1641 
3773 1604 1832 1602 
3774 1663 1833 1691 
3775 1765 1825 1769 
3776 1692 1784 1589 
3777 1737 1829 1669 
3778 1642 1835 1827 
3779 1648 1830 1661 
3780 1659 1666 1646 
3781 1795 1836 1796 
3782 1696 1721 1690 
3783 1746 1747 1675 
3784 1669 1829 1666 
3785 1686 1835 1815 
3786 1588 1589 1565 
3787 1664 1835 1642 
3788 1827 1835 1686 
3789 1815 1842 1712 
3790 371 1562 370 
3791 1666 1689 1688 
3792 1656 1658 1639 
3793 1666 1829 1689 
3794 368 1569 367 
3795 1598 1831 1596 
3796 1694 1840 1807 
3797 1666 1688 1646 
3798 1689 1690 1688 
3799 1641 1646 1595 
3800 1706 1831 1601 
3801 1722 1837 1694 
3802 373 1579 372 
3803 1832 1840 1640 
3804 1639 1836 1635 
3805 1601 1831 1598 
3806 1844 1845 1692 
3807 1592 1841 1591 
3808 1659 1843 1670 
3809 1670 1846 1736 
3810 1700 1719 1667 
3811 1581 1888 1714 
3812 1658 1836 1639 
3813 1635 1836 1795 
3814 1807 1840 1832 
3815 1706 1843 1831 
3816 1743 1883 1580 
3817 1831 1843 1641 
3818 1640 1840 1707 
3819 1667 1839 1656 
3820 1656 1839 1658 
3821 1835 1842 1815 
3822 1664 1842 1835 
3823 1841 1844 1591 
3824 1646 1841 1595 
3825 1734 1853 1852 
3826 1688 1841 1646 
3827 1719 1839 1667 
3828 1723 1842 1664 
3829 1641 1843 1659 
3830 1711 1893 1697 
3831 1688 1844 1841 
3832 1690 1844 1688 
3833 1843 1846 1670 
3834 1715 1862 1713 
3835 1595 1841 1592 
3836 1721 1845 1690 
3837 1690 1845 1844 
3838 1714 1715 1713 
3839 1714 1716 1715 
3840 1707 1846 1706 
3841 1706 1846 1843 
3842 371 1848 1562 
3843 1661 1850 1708 
3844 1842 1847 1712 
3845 1579 1848 372 
3846 1790 1851 1724 
3847 1834 1854 1710 
3848 1687 1850 1830 
3849 1802 1890 1708 
3850 1718 1720 1716 
3851 1691 1858 1838 
3852 18 1731 1566 
3853 1785 1897 1570 
3854 372 1848 371 
3855 1723 1847 1842 
3856 1717 1734 1733 
3857 1645 1889 1755 
3858 1746 1874 1747 
3859 444 1586 331 
3860 325 1861 324 
3861 1739 1855 1700 
3862 1830 1850 1661 
3863 1801 1881 1804 
3864 1839 1854 1658 
3865 1837 1856 1707 
3866 1734 1742 1741 
3867 324 1868 323 
3868 266 1869 267 
3869 1556 1866 277 
3870 278 1866 1578 
3871 1776 1864 1701 
3872 318 1871 1561 
3873 1572 1871 319 
3874 1576 1851 1821 
3875 1569 1863 367 
3876 267 1872 268 
3877 1794 1851 1790 
3878 1732 1862 1715 
3879 1571 1855 1774 
3880 1725 1892 1820 
3881 1725 1873 1789 
3882 1846 1856 1736 
3883 1581 1587 435 
3884 1734 1741 1733 
3885 1730 1894 1578 
3886 1854 1896 1710 
3887 282 1874 283 
3888 1716 1717 1715 
3889 1888 1905 1714 
3890 1658 1854 1834 
3891 281 1875 282 
3892 1750 1908 1577 
3893 1810 1876 1572 
3894 1734 1852 1742 
3895 1746 1878 1563 
3896 1701 1864 1749 
3897 1700 1855 1719 
3898 1570 1879 440 
3899 375 1857 374 
3900 1645 1906 1741 
3901 1717 1733 1732 
3902 1848 1864 1562 
3903 1554 1877 269 
3904 270 1877 1577 
3905 1748 1914 1852 
3906 366 1859 365 
3907 1833 1858 1691 
3908 1702 1880 1723 
3909 1697 1881 1684 
3910 1717 1732 1715 
3911 1717 1853 1734 
3912 1707 1856 1846 
3913 1783 1891 1782 
3914 1801 1916 1881 
3915 1567 1861 325 
3916 326 1883 1567 
3917 1803 1890 1802 
3918 1580 1883 327 
3919 1825 1882 1769 
3920 1749 1864 1848 
3921 366 1863 1859 
3922 1799 1900 1794 
3923 1571 1891 1855 
3924 1562 1884 370 
3925 1560 1893 1806 
3926 367 1863 366 
3927 1720 1853 1716 
3928 1847 1885 1712 
3929 1809 1895 1811 
3930 1783 1896 1854 
3931 1772 1865 1771 
3932 280 1894 1557 
3933 1578 1894 279 
3934 1851 1892 1724 
3935 277 1866 278 
3936 1568 1869 266 
3937 441 1879 1585 
3938 369 1898 368 
3939 1855 1891 1719 
3940 323 1868 1558 
3941 1853 1899 1852 
3942 1753 1909 1760 
3943 1839 1912 1854 
3944 1727 1897 1721 
3945 1845 1897 1785 
3946 1737 1901 1829 
3947 286 1867 287 
3948 1762 1904 1763 
3949 1716 1853 1717 
3950 18 1566 22 
3951 1575 1899 1867 
3952 1806 1885 1574 
3953 23 1902 263 
3954 1585 1915 1887 
3955 302 1903 27 
3956 319 1871 318 
3957 1577 1908 1819 
3958 268 1872 1554 
3959 365 1902 23 
3960 1887 1915 1744 
3961 1556 1900 1866 
3962 27 1903 375 
3963 1890 1919 1826 
3964 1676 1907 1746 
3965 1808 1880 1704 
3966 1854 1912 1783 
3967 1576 1892 1851 
3968 1559 1880 1808 
3969 1789 1873 1709 
3970 1718 1860 1720 
3971 1865 1884 1562 
3972 283 1874 1563 
3973 1861 1901 1737 
3974 1731 1860 1718 
3975 1708 1890 1826 
3976 1557 1875 281 
3977 1747 1913 1833 
3978 1869 1904 1762 
3979 1722 1917 1837 
3980 1561 1919 1890 
3981 1811 1876 1810 
3982 1731 1905 1566 
3983 269 1877 270 
3984 1860 1867 1720 
3985 1714 1905 1718 
3986 1554 1909 1877 
3987 1585 1887 1870 
3988 1880 1911 1723 
3989 1582 1849 329 
3990 440 1879 441 
3991 1866 1900 1729 
3992 1704 1880 1702 
3993 1852 1899 1575 
3994 1684 1881 1687 
3995 1731 1886 1860 
3996 1847 1911 1805 
3997 1873 1908 1709 
3998 1746 1907 1878 
3999 1754 1896 1564 
4000 1724 1892 1725 
4001 327 1883 326 
4002 1769 1882 1787 
4003 370 1884 369 
4004 1723 1911 1847 
4005 1881 1916 1687 
4006 445 1886 1731 
4007 1879 1915 1585 
4008 1802 1916 1801 
4009 1712 1885 1711 
4010 24 1886 445 
4011 1755 1889 1676 
4012 1867 1899 1720 
4013 1783 1912 1891 
4014 1782 1891 1571 
4015 1561 1890 1803 
4016 1875 1913 1747 
4017 1820 1892 1576 
4018 1593 1910 1757 
4019 1849 1887 1744 
4020 1583 1903 302 
4021 1757 1906 1645 
4022 1876 1917 1722 
4023 1804 1893 1560 
4024 1850 1916 1802 
4025 263 1902 1584 
4026 1710 1896 1754 
4027 279 1894 280 
4028 1718 1905 1731 
4029 1564 1896 1783 
4030 1558 1895 1809 
4031 1791 1901 1567 
4032 1729 1900 1799 
4033 1740 1918 1739 
4034 1829 1901 1791 
4035 368 1898 1569 
4036 1763 1904 1825 
4037 1772 1884 1865 
4038 1825 1904 1568 
4039 1721 1897 1845 
4040 1871 1919 1561 
4041 1709 1908 1750 
4042 1752 1909 1753 
4043 1877 1909 1752 
4044 1826 1919 1745 
4045 1805 1911 1559 
4046 1837 1917 1856 
4047 1559 1911 1880 
4048 1687 1916 1850 
4049 1719 1912 1839 
4050 1582 1887 1849 
4051 1857 1918 1740 
4052 1741 1906 1733 
4053 1857 1903 1583 
4054 1584 1902 1859 
4055 1720 1899 1853 
4056 1906 1910 1733 
4057 1567 1901 1861 
4058 375 1903 1857 
4059 1859 1902 365 
4060 1856 1917 1811 
4061 1733 1910 1732 
4062 1870 1887 1582 
4063 1858 1913 1557 
4064 1833 1913 1858 
4065 1568 1904 1869 
4066 1757 1910 1906 
4067 1727 1915 1879 
4068 1852 1914 1742 
4069 1745 1919 1871 
4070 1583 1918 1857 
4071 1878 1907 1742 
4072 1557 1913 1875 
4073 1742 1914 1878 
4074 1566 1905 1888 
4075 1811 1917 1876 
4076 1891 1912 1719 
4077 1889 1907 1676 
2 14 2 318
4078 1968 1969 1934 
4079 2015 2025 1981 
4080 1981 2033 2015 
4081 1920 2036 1992 
4082 1992 2036 1991 
4083 2008 2011 1963 
4084 2000 2042 1953 
4085 1953 2031 2000 
4086 1933 1970 436 
4087 1969 2026 1934 
4088 1934 2029 1968 
4089 1985 2017 1937 
4090 1983 2027 1928 
4091 1935 1971 1939 
4092 1931 2025 2015 
4093 1928 2038 1983 
4094 1957 2042 1998 
4095 435 1970 301 
4096 2008 2031 2011 
4097 1971 2051 1939 
4098 436 1970 435 
4099 2003 2022 1999 
4100 435 301 26 
4101 300 1970 1937 
4102 2015 2033 1924 
4103 301 1970 300 
4104 1985 2041 2017 
4105 1998 2030 1957 
4106 1961 2012 1958 
4107 1959 1994 1993 
4108 1969 2035 2032 
4109 334 1971 333 
4110 1955 2009 1952 
4111 1973 1984 1921 
4112 1929 2023 2013 
4113 2032 2035 1930 
4114 1972 1973 1921 
4115 2007 2008 1923 
4116 1935 1939 1938 
4117 1998 2042 2000 
4118 1921 2021 1972 
4119 1951 2020 2002 
4120 2003 2049 2022 
4121 1959 2012 1994 
4122 335 1927 334 
4123 1967 2012 1961 
4124 1963 2037 2008 
4125 1967 2013 2012 
4126 338 2007 337 
4127 1958 2012 1959 
4128 337 2007 1923 
4129 1993 2009 1959 
4130 1927 1971 334 
4131 1951 2002 1948 
4132 1959 2009 1955 
4133 1952 2009 1951 
4134 1923 1986 336 
4135 1933 2050 1970 
4136 2016 2043 1986 
4137 443 1925 442 
4138 2009 2020 1951 
4139 1948 2002 1950 
4140 1996 2003 1999 
4141 1995 1996 1926 
4142 2013 2047 1929 
4143 340 1995 1926 
4144 1995 2003 1996 
4145 1950 2002 1987 
4146 1987 2010 1950 
4147 2006 2007 338 
4148 1936 2003 1995 
4149 1992 2039 1920 
4150 1997 2006 1926 
4151 441 2021 1921 
4152 1986 2043 1927 
4153 1996 1999 1998 
4154 2001 2006 1997 
4155 1936 1995 341 
4156 342 1936 341 
4157 1976 2010 1979 
4158 1979 2010 1987 
4159 1996 1998 1997 
4160 1996 1997 1926 
4161 340 1926 339 
4162 1939 2051 1941 
4163 1991 2053 1989 
4164 1960 1964 1961 
4165 333 1971 1935 
4166 437 1933 436 
4167 1956 1960 1958 
4168 1974 2010 1976 
4169 1965 1969 1968 
4170 1976 1978 1977 
4171 1976 1979 1978 
4172 1942 1972 1940 
4173 341 1995 340 
4174 1949 1952 1951 
4175 1954 1956 1955 
4176 1998 2000 1997 
4177 1960 1966 1964 
4178 1979 1981 1978 
4179 1954 1955 1952 
4180 289 1934 288 
4181 1926 2006 339 
4182 1960 1961 1958 
4183 1949 1951 1948 
4184 2004 2005 1966 
4185 1974 1976 1975 
4186 1960 2004 1966 
4187 1956 1958 1955 
4188 442 2021 441 
4189 1990 1991 1989 
4190 1979 1982 1981 
4191 1947 1949 1948 
4192 1964 1965 1961 
4193 1978 1980 1977 
4194 1988 1989 1982 
4195 1988 1990 1989 
4196 439 1928 438 
4197 2001 2008 2007 
4198 1953 1954 1952 
4199 337 1923 336 
4200 1948 1950 1946 
4201 1956 2004 1960 
4202 441 1921 440 
4203 1976 1977 1975 
4204 2001 2007 2006 
4205 1990 1992 1991 
4206 1987 1988 1982 
4207 1993 1994 1992 
4208 1947 1948 1946 
4209 2010 2014 1950 
4210 2012 2013 1994 
4211 339 2006 338 
4212 1979 1987 1982 
4213 291 1929 290 
4214 1980 1985 1983 
4215 1962 2014 1974 
4216 1990 1993 1992 
4217 1987 2002 1988 
4218 1958 1959 1955 
4219 1946 2014 1944 
4220 1965 1968 1967 
4221 1949 1953 1952 
4222 1945 1946 1944 
4223 1945 1947 1946 
4224 1954 1957 1956 
4225 336 1986 335 
4226 1974 1975 1973 
4227 1957 2004 1956 
4228 1950 2014 1946 
4229 1993 2020 2009 
4230 1974 2014 2010 
4231 1947 2011 1949 
4232 1965 1967 1961 
4233 293 1920 292 
4234 1944 2014 1962 
4235 1962 1974 1973 
4236 296 1924 295 
4237 1990 2020 1993 
4238 1999 2030 1998 
4239 1949 2011 1953 
4240 297 2015 296 
4241 2002 2020 1988 
4242 1980 1983 1977 
4243 2000 2001 1997 
4244 298 1931 297 
4245 2028 2053 1991 
4246 1943 2016 1945 
4247 1975 1984 1973 
4248 1962 1972 1942 
4249 402 1930 403 
4250 299 2017 298 
4251 1943 1945 1944 
4252 1945 1963 1947 
4253 403 2019 404 
4254 1944 1962 1942 
4255 296 2015 1924 
4256 300 1937 299 
4257 1988 2020 1990 
4258 1945 2016 1963 
4259 404 1922 405 
4260 1931 2015 297 
4261 405 2018 406 
4262 1963 2011 1947 
4263 1962 1973 1972 
4264 400 2026 401 
4265 406 1932 407 
4266 1943 1944 1942 
4267 298 2017 1931 
4268 1938 2034 1935 
4269 1930 2019 403 
4270 1937 2017 299 
4271 333 1935 332 
4272 404 2019 1922 
4273 2008 2037 1923 
4274 1922 2018 405 
4275 291 2023 1929 
4276 406 2018 1932 
4277 444 1938 443 
4278 1967 2047 2013 
4279 1920 2023 292 
4280 1978 2025 1980 
4281 437 2027 1933 
4282 1941 1943 1942 
4283 335 1986 1927 
4284 1928 2027 438 
4285 1984 2038 1928 
4286 2028 2036 294 
4287 1928 2055 1984 
4288 2018 2022 1932 
4289 295 2028 294 
4290 289 2029 1934 
4291 292 2023 291 
4292 1980 2041 1985 
4293 1972 2021 1940 
4294 1929 2029 290 
4295 1986 2037 2016 
4296 2011 2031 1953 
4297 1932 2024 407 
4298 2004 2030 2005 
4299 1984 2055 1921 
4300 443 1938 1925 
4301 407 2024 408 
4302 1989 2033 1982 
4303 1923 2037 1986 
4304 288 2044 25 
4305 1941 1942 1940 
4306 1981 2025 1978 
4307 25 2044 400 
4308 2005 2045 1966 
4309 2001 2031 2008 
4310 1965 2035 1969 
4311 402 2032 1930 
4312 1994 2039 1992 
4313 1991 2036 2028 
4314 438 2027 437 
4315 293 2036 1920 
4316 1924 2028 295 
4317 1966 2040 1964 
4318 2048 2052 2022 
4319 439 2055 1928 
4320 1921 2055 440 
4321 1975 2038 1984 
4322 1953 2042 1954 
4323 1983 2038 1977 
4324 1970 2050 1937 
4325 2005 2048 2045 
4326 1941 2043 1943 
4327 290 2029 289 
4328 1937 2050 1985 
4329 1939 1941 1940 
4330 28 2046 342 
4331 1957 2030 2004 
4332 2022 2049 1932 
4333 1936 2049 2003 
4334 1925 2021 442 
4335 1935 2034 332 
4336 408 2046 28 
4337 1938 1939 1925 
4338 2000 2031 2001 
4339 1929 2047 2029 
4340 2018 2048 2022 
4341 401 2032 402 
4342 444 2034 1938 
4343 1966 2045 2040 
4344 1940 2021 1925 
4345 1982 2033 1981 
4346 2026 2032 401 
4347 1969 2032 2026 
4348 1927 2051 1971 
4349 2024 2049 1936 
4350 1939 1940 1925 
4351 1964 2035 1965 
4352 1941 2051 2043 
4353 2005 2052 2048 
4354 294 2036 293 
4355 2029 2047 1968 
4356 2016 2037 1963 
4357 342 2046 1936 
4358 1930 2040 2019 
4359 2017 2041 1931 
4360 400 2044 2026 
4361 1977 2038 1975 
4362 2013 2039 1994 
4363 1920 2039 2023 
4364 2025 2041 1980 
4365 1934 2044 288 
4366 332 2034 30 
4367 1931 2041 2025 
4368 30 2034 444 
4369 1954 2042 1957 
4370 1943 2043 2016 
4371 2027 2054 1933 
4372 1989 2053 2033 
4373 2023 2039 2013 
4374 2030 2052 2005 
4375 2019 2045 1922 
4376 1968 2047 1967 
4377 440 2055 439 
4378 2045 2048 1922 
4379 1985 2054 1983 
4380 1936 2046 2024 
4381 1922 2048 2018 
4382 2040 2045 2019 
4383 2026 2044 1934 
4384 1932 2049 2024 
4385 2035 2040 1930 
4386 2024 2046 408 
4387 2022 2052 1999 
4388 1983 2054 2027 
4389 1964 2040 2035 
4390 1924 2053 2028 
4391 1999 2052 2030 
4392 2050 2054 1985 
4393 1933 2054 2050 
4394 2033 2053 1924 
4395 2043 2051 1927 
$EndElements
